-- --------------------------------------------------------
-- Hôte:                         127.0.0.1
-- Version du serveur:           5.7.33 - MySQL Community Server (GPL)
-- SE du serveur:                Win64
-- HeidiSQL Version:             11.2.0.6213
-- --------------------------------------------------------

/*!40101 SET @OLD_CHARACTER_SET_CLIENT=@@CHARACTER_SET_CLIENT */;
/*!40101 SET NAMES utf8 */;
/*!50503 SET NAMES utf8mb4 */;
/*!40014 SET @OLD_FOREIGN_KEY_CHECKS=@@FOREIGN_KEY_CHECKS, FOREIGN_KEY_CHECKS=0 */;
/*!40101 SET @OLD_SQL_MODE=@@SQL_MODE, SQL_MODE='NO_AUTO_VALUE_ON_ZERO' */;
/*!40111 SET @OLD_SQL_NOTES=@@SQL_NOTES, SQL_NOTES=0 */;

-- Listage des données de la table barbofus.builds : ~108 rows (environ)
/*!40000 ALTER TABLE `builds` DISABLE KEYS */;
INSERT INTO `builds` (`id`, `image_path`, `build_link`, `race_id`, `title`, `ap_nbr`, `mp_nbr`, `user_id`, `created_at`, `updated_at`, `is_pvp`) VALUES
	(117, 'images/builds/MNzbHGFJPB5DB1ipVIuNDFl34I86l5N3YaryanjQ.webp', 'https://dofusroom.com/b-303022', 6, 'PVM Sacrieur', 11, 6, 5, '2022-09-04 13:36:59', '2022-09-04 13:36:59', 0),
	(118, 'images/builds/MNzbHGFJPB5DB1ipVIuNDFl34I86l5N3YaryanjQ.webp', 'https://dofusroom.com/b-303022', 14, 'PVM Zobal', 11, 6, 5, '2022-09-04 13:36:59', '2022-09-04 13:36:59', 0),
	(119, 'images/builds/MNzbHGFJPB5DB1ipVIuNDFl34I86l5N3YaryanjQ.webp', 'https://dofusroom.com/b-303022', 13, 'PVM Roublard', 12, 6, 5, '2022-09-04 13:36:59', '2022-09-04 13:36:59', 0),
	(120, 'images/builds/MNzbHGFJPB5DB1ipVIuNDFl34I86l5N3YaryanjQ.webp', 'https://dofusroom.com/b-303022', 8, 'PVP Osamodas', 11, 6, 5, '2022-09-04 13:36:59', '2022-09-04 13:36:59', 1),
	(121, 'images/builds/MNzbHGFJPB5DB1ipVIuNDFl34I86l5N3YaryanjQ.webp', 'https://dofusroom.com/b-303022', 15, 'PVP Steamer', 12, 6, 5, '2022-09-04 13:36:59', '2022-09-04 13:36:59', 1),
	(122, 'images/builds/MNzbHGFJPB5DB1ipVIuNDFl34I86l5N3YaryanjQ.webp', 'https://dofusroom.com/b-303022', 17, 'PVP Huppermage', 11, 6, 5, '2022-09-04 13:36:59', '2022-09-04 13:36:59', 1),
	(123, 'images/builds/MNzbHGFJPB5DB1ipVIuNDFl34I86l5N3YaryanjQ.webp', 'https://dofusroom.com/b-303022', 7, 'PVM Sadida', 11, 6, 5, '2022-09-04 13:36:59', '2022-09-04 13:36:59', 0),
	(124, 'images/builds/MNzbHGFJPB5DB1ipVIuNDFl34I86l5N3YaryanjQ.webp', 'https://dofusroom.com/b-303022', 14, 'PVM Zobal', 11, 6, 5, '2022-09-04 13:36:59', '2022-09-04 13:36:59', 0),
	(125, 'images/builds/MNzbHGFJPB5DB1ipVIuNDFl34I86l5N3YaryanjQ.webp', 'https://dofusroom.com/b-303022', 10, 'PVP Sram', 11, 6, 5, '2022-09-04 13:36:59', '2022-09-04 13:36:59', 1),
	(126, 'images/builds/MNzbHGFJPB5DB1ipVIuNDFl34I86l5N3YaryanjQ.webp', 'https://dofusroom.com/b-303022', 5, 'PVP Féca', 11, 6, 5, '2022-09-04 13:36:59', '2022-09-04 13:36:59', 1),
	(127, 'images/builds/MNzbHGFJPB5DB1ipVIuNDFl34I86l5N3YaryanjQ.webp', 'https://dofusroom.com/b-303022', 11, 'PVM Xélor', 11, 6, 5, '2022-09-04 13:36:59', '2022-09-04 13:36:59', 0),
	(128, 'images/builds/MNzbHGFJPB5DB1ipVIuNDFl34I86l5N3YaryanjQ.webp', 'https://dofusroom.com/b-303022', 16, 'PVP Eliotrope', 12, 6, 5, '2022-09-04 13:36:59', '2022-09-04 13:36:59', 1),
	(129, 'images/builds/MNzbHGFJPB5DB1ipVIuNDFl34I86l5N3YaryanjQ.webp', 'https://dofusroom.com/b-303022', 1, 'PVP Ecaflip', 11, 6, 5, '2022-09-04 13:36:59', '2022-09-04 13:36:59', 1),
	(130, 'images/builds/MNzbHGFJPB5DB1ipVIuNDFl34I86l5N3YaryanjQ.webp', 'https://dofusroom.com/b-303022', 10, 'PVM Sram', 11, 6, 5, '2022-09-04 13:36:59', '2022-09-04 13:36:59', 0),
	(131, 'images/builds/MNzbHGFJPB5DB1ipVIuNDFl34I86l5N3YaryanjQ.webp', 'https://dofusroom.com/b-303022', 7, 'PVP Sadida', 12, 6, 5, '2022-09-04 13:36:59', '2022-09-04 13:36:59', 1),
	(132, 'images/builds/MNzbHGFJPB5DB1ipVIuNDFl34I86l5N3YaryanjQ.webp', 'https://dofusroom.com/b-303022', 6, 'PVM Sacrieur', 11, 6, 5, '2022-09-04 13:36:59', '2022-09-04 13:36:59', 0),
	(133, 'images/builds/MNzbHGFJPB5DB1ipVIuNDFl34I86l5N3YaryanjQ.webp', 'https://dofusroom.com/b-303022', 16, 'PVM Eliotrope', 12, 6, 5, '2022-09-04 13:36:59', '2022-09-04 13:36:59', 0),
	(134, 'images/builds/MNzbHGFJPB5DB1ipVIuNDFl34I86l5N3YaryanjQ.webp', 'https://dofusroom.com/b-303022', 14, 'PVM Zobal', 11, 6, 5, '2022-09-04 13:36:59', '2022-09-04 13:36:59', 0),
	(135, 'images/builds/MNzbHGFJPB5DB1ipVIuNDFl34I86l5N3YaryanjQ.webp', 'https://dofusroom.com/b-303022', 16, 'PVM Eliotrope', 11, 6, 5, '2022-09-04 13:36:59', '2022-09-04 13:36:59', 0),
	(136, 'images/builds/MNzbHGFJPB5DB1ipVIuNDFl34I86l5N3YaryanjQ.webp', 'https://dofusroom.com/b-303022', 14, 'PVP Zobal', 11, 6, 5, '2022-09-04 13:36:59', '2022-09-04 13:36:59', 1),
	(137, 'images/builds/MNzbHGFJPB5DB1ipVIuNDFl34I86l5N3YaryanjQ.webp', 'https://dofusroom.com/b-303022', 3, 'PVP Iop', 11, 6, 5, '2022-09-04 13:36:59', '2022-09-04 13:36:59', 1),
	(138, 'images/builds/MNzbHGFJPB5DB1ipVIuNDFl34I86l5N3YaryanjQ.webp', 'https://dofusroom.com/b-303022', 5, 'PVM Féca', 12, 6, 5, '2022-09-04 13:36:59', '2022-09-04 13:36:59', 0),
	(139, 'images/builds/MNzbHGFJPB5DB1ipVIuNDFl34I86l5N3YaryanjQ.webp', 'https://dofusroom.com/b-303022', 14, 'PVM Zobal', 12, 6, 5, '2022-09-04 13:36:59', '2022-09-04 13:36:59', 0),
	(140, 'images/builds/MNzbHGFJPB5DB1ipVIuNDFl34I86l5N3YaryanjQ.webp', 'https://dofusroom.com/b-303022', 5, 'PVM Féca', 11, 6, 5, '2022-09-04 13:36:59', '2022-09-04 13:36:59', 0),
	(141, 'images/builds/MNzbHGFJPB5DB1ipVIuNDFl34I86l5N3YaryanjQ.webp', 'https://dofusroom.com/b-303022', 13, 'PVM Roublard', 11, 6, 5, '2022-09-04 13:36:59', '2022-09-04 13:36:59', 0),
	(142, 'images/builds/MNzbHGFJPB5DB1ipVIuNDFl34I86l5N3YaryanjQ.webp', 'https://dofusroom.com/b-303022', 8, 'PVP Osamodas', 12, 6, 5, '2022-09-04 13:36:59', '2022-09-04 13:36:59', 1),
	(143, 'images/builds/MNzbHGFJPB5DB1ipVIuNDFl34I86l5N3YaryanjQ.webp', 'https://dofusroom.com/b-303022', 13, 'PVM Roublard', 11, 6, 5, '2022-09-04 13:36:59', '2022-09-04 13:36:59', 0),
	(144, 'images/builds/MNzbHGFJPB5DB1ipVIuNDFl34I86l5N3YaryanjQ.webp', 'https://dofusroom.com/b-303022', 1, 'PVP Ecaflip', 11, 6, 5, '2022-09-04 13:36:59', '2022-09-04 13:36:59', 1),
	(145, 'images/builds/MNzbHGFJPB5DB1ipVIuNDFl34I86l5N3YaryanjQ.webp', 'https://dofusroom.com/b-303022', 3, 'PVP Iop', 11, 6, 5, '2022-09-04 13:36:59', '2022-09-04 13:36:59', 1),
	(146, 'images/builds/MNzbHGFJPB5DB1ipVIuNDFl34I86l5N3YaryanjQ.webp', 'https://dofusroom.com/b-303022', 12, 'PVM Pandawa', 12, 6, 5, '2022-09-04 13:36:59', '2022-09-04 13:36:59', 0),
	(147, 'images/builds/MNzbHGFJPB5DB1ipVIuNDFl34I86l5N3YaryanjQ.webp', 'https://dofusroom.com/b-303022', 5, 'PVM Féca', 12, 6, 5, '2022-09-04 13:36:59', '2022-09-04 13:36:59', 0),
	(148, 'images/builds/MNzbHGFJPB5DB1ipVIuNDFl34I86l5N3YaryanjQ.webp', 'https://dofusroom.com/b-303022', 6, 'PVM Sacrieur', 12, 6, 5, '2022-09-04 13:36:59', '2022-09-04 13:36:59', 0),
	(149, 'images/builds/MNzbHGFJPB5DB1ipVIuNDFl34I86l5N3YaryanjQ.webp', 'https://dofusroom.com/b-303022', 11, 'PVM Xélor', 11, 6, 5, '2022-09-04 13:36:59', '2022-09-04 13:36:59', 0),
	(150, 'images/builds/MNzbHGFJPB5DB1ipVIuNDFl34I86l5N3YaryanjQ.webp', 'https://dofusroom.com/b-303022', 13, 'PVP Roublard', 11, 6, 5, '2022-09-04 13:36:59', '2022-09-04 13:36:59', 1),
	(151, 'images/builds/MNzbHGFJPB5DB1ipVIuNDFl34I86l5N3YaryanjQ.webp', 'https://dofusroom.com/b-303022', 15, 'PVM Steamer', 12, 6, 5, '2022-09-04 13:36:59', '2022-09-04 13:36:59', 0),
	(152, 'images/builds/MNzbHGFJPB5DB1ipVIuNDFl34I86l5N3YaryanjQ.webp', 'https://dofusroom.com/b-303022', 3, 'PVM Iop', 11, 6, 5, '2022-09-04 13:36:59', '2022-09-04 13:36:59', 0),
	(153, 'images/builds/MNzbHGFJPB5DB1ipVIuNDFl34I86l5N3YaryanjQ.webp', 'https://dofusroom.com/b-303022', 11, 'PVM Xélor', 12, 6, 5, '2022-09-04 13:36:59', '2022-09-04 13:36:59', 0),
	(154, 'images/builds/MNzbHGFJPB5DB1ipVIuNDFl34I86l5N3YaryanjQ.webp', 'https://dofusroom.com/b-303022', 3, 'PVP Iop', 12, 6, 5, '2022-09-04 13:36:59', '2022-09-04 13:36:59', 1),
	(155, 'images/builds/MNzbHGFJPB5DB1ipVIuNDFl34I86l5N3YaryanjQ.webp', 'https://dofusroom.com/b-303022', 12, 'PVP Pandawa', 11, 6, 5, '2022-09-04 13:36:59', '2022-09-04 13:36:59', 1),
	(156, 'images/builds/MNzbHGFJPB5DB1ipVIuNDFl34I86l5N3YaryanjQ.webp', 'https://dofusroom.com/b-303022', 7, 'PVP Sadida', 12, 6, 5, '2022-09-04 13:36:59', '2022-09-04 13:36:59', 1),
	(157, 'images/builds/MNzbHGFJPB5DB1ipVIuNDFl34I86l5N3YaryanjQ.webp', 'https://dofusroom.com/b-303022', 18, 'PVP Ouginak', 11, 6, 5, '2022-09-04 13:36:59', '2022-09-04 13:36:59', 1),
	(158, 'images/builds/MNzbHGFJPB5DB1ipVIuNDFl34I86l5N3YaryanjQ.webp', 'https://dofusroom.com/b-303022', 8, 'PVP Osamodas', 12, 6, 5, '2022-09-04 13:36:59', '2022-09-04 13:36:59', 1),
	(159, 'images/builds/MNzbHGFJPB5DB1ipVIuNDFl34I86l5N3YaryanjQ.webp', 'https://dofusroom.com/b-303022', 18, 'PVM Ouginak', 12, 6, 5, '2022-09-04 13:36:59', '2022-09-04 13:36:59', 0),
	(160, 'images/builds/MNzbHGFJPB5DB1ipVIuNDFl34I86l5N3YaryanjQ.webp', 'https://dofusroom.com/b-303022', 8, 'PVM Osamodas', 12, 6, 5, '2022-09-04 13:36:59', '2022-09-04 13:36:59', 0),
	(161, 'images/builds/MNzbHGFJPB5DB1ipVIuNDFl34I86l5N3YaryanjQ.webp', 'https://dofusroom.com/b-303022', 17, 'PVM Huppermage', 11, 6, 5, '2022-09-04 13:36:59', '2022-09-04 13:36:59', 0),
	(162, 'images/builds/MNzbHGFJPB5DB1ipVIuNDFl34I86l5N3YaryanjQ.webp', 'https://dofusroom.com/b-303022', 7, 'PVP Sadida', 11, 6, 5, '2022-09-04 13:36:59', '2022-09-04 13:36:59', 1),
	(163, 'images/builds/MNzbHGFJPB5DB1ipVIuNDFl34I86l5N3YaryanjQ.webp', 'https://dofusroom.com/b-303022', 5, 'PVP Féca', 12, 6, 5, '2022-09-04 13:36:59', '2022-09-04 13:36:59', 1),
	(164, 'images/builds/MNzbHGFJPB5DB1ipVIuNDFl34I86l5N3YaryanjQ.webp', 'https://dofusroom.com/b-303022', 9, 'PVM Enutrof', 12, 6, 5, '2022-09-04 13:36:59', '2022-09-04 13:36:59', 0),
	(165, 'images/builds/MNzbHGFJPB5DB1ipVIuNDFl34I86l5N3YaryanjQ.webp', 'https://dofusroom.com/b-303022', 10, 'PVM Sram', 11, 6, 5, '2022-09-04 13:36:59', '2022-09-04 13:36:59', 0),
	(166, 'images/builds/MNzbHGFJPB5DB1ipVIuNDFl34I86l5N3YaryanjQ.webp', 'https://dofusroom.com/b-303022', 8, 'PVP Osamodas', 11, 6, 5, '2022-09-04 13:36:59', '2022-09-04 13:36:59', 1),
	(167, 'images/builds/MNzbHGFJPB5DB1ipVIuNDFl34I86l5N3YaryanjQ.webp', 'https://dofusroom.com/b-303022', 1, 'PVP Ecaflip', 12, 6, 5, '2022-09-04 13:36:59', '2022-09-04 13:36:59', 1),
	(168, 'images/builds/MNzbHGFJPB5DB1ipVIuNDFl34I86l5N3YaryanjQ.webp', 'https://dofusroom.com/b-303022', 15, 'PVP Steamer', 12, 6, 5, '2022-09-04 13:36:59', '2022-09-04 13:36:59', 1),
	(169, 'images/builds/MNzbHGFJPB5DB1ipVIuNDFl34I86l5N3YaryanjQ.webp', 'https://dofusroom.com/b-303022', 9, 'PVP Enutrof', 11, 6, 5, '2022-09-04 13:36:59', '2022-09-04 13:36:59', 1),
	(170, 'images/builds/MNzbHGFJPB5DB1ipVIuNDFl34I86l5N3YaryanjQ.webp', 'https://dofusroom.com/b-303022', 12, 'PVP Pandawa', 12, 6, 5, '2022-09-04 13:36:59', '2022-09-04 13:36:59', 1),
	(171, 'images/builds/MNzbHGFJPB5DB1ipVIuNDFl34I86l5N3YaryanjQ.webp', 'https://dofusroom.com/b-303022', 4, 'PVM Crâ', 11, 6, 5, '2022-09-04 13:36:59', '2022-09-04 13:36:59', 0),
	(172, 'images/builds/MNzbHGFJPB5DB1ipVIuNDFl34I86l5N3YaryanjQ.webp', 'https://dofusroom.com/b-303022', 10, 'PVP Sram', 11, 6, 5, '2022-09-04 13:36:59', '2022-09-04 13:36:59', 1),
	(173, 'images/builds/MNzbHGFJPB5DB1ipVIuNDFl34I86l5N3YaryanjQ.webp', 'https://dofusroom.com/b-303022', 5, 'PVM Féca', 12, 6, 5, '2022-09-04 13:36:59', '2022-09-04 13:36:59', 0),
	(174, 'images/builds/MNzbHGFJPB5DB1ipVIuNDFl34I86l5N3YaryanjQ.webp', 'https://dofusroom.com/b-303022', 9, 'PVM Enutrof', 11, 6, 5, '2022-09-04 13:36:59', '2022-09-04 13:36:59', 0),
	(175, 'images/builds/MNzbHGFJPB5DB1ipVIuNDFl34I86l5N3YaryanjQ.webp', 'https://dofusroom.com/b-303022', 4, 'PVP Crâ', 12, 6, 5, '2022-09-04 13:36:59', '2022-09-04 13:36:59', 1),
	(176, 'images/builds/MNzbHGFJPB5DB1ipVIuNDFl34I86l5N3YaryanjQ.webp', 'https://dofusroom.com/b-303022', 10, 'PVM Sram', 11, 6, 5, '2022-09-04 13:36:59', '2022-09-04 13:36:59', 0),
	(177, 'images/builds/MNzbHGFJPB5DB1ipVIuNDFl34I86l5N3YaryanjQ.webp', 'https://dofusroom.com/b-303022', 9, 'PVP Enutrof', 11, 6, 5, '2022-09-04 13:36:59', '2022-09-04 13:36:59', 1),
	(178, 'images/builds/MNzbHGFJPB5DB1ipVIuNDFl34I86l5N3YaryanjQ.webp', 'https://dofusroom.com/b-303022', 2, 'PVM Eniripsa', 12, 6, 5, '2022-09-04 13:36:59', '2022-09-04 13:36:59', 0),
	(179, 'images/builds/MNzbHGFJPB5DB1ipVIuNDFl34I86l5N3YaryanjQ.webp', 'https://dofusroom.com/b-303022', 1, 'PVM Ecaflip', 12, 6, 5, '2022-09-04 13:36:59', '2022-09-04 13:36:59', 0),
	(180, 'images/builds/MNzbHGFJPB5DB1ipVIuNDFl34I86l5N3YaryanjQ.webp', 'https://dofusroom.com/b-303022', 14, 'PVP Zobal', 12, 6, 5, '2022-09-04 13:36:59', '2022-09-04 13:36:59', 1),
	(181, 'images/builds/MNzbHGFJPB5DB1ipVIuNDFl34I86l5N3YaryanjQ.webp', 'https://dofusroom.com/b-303022', 15, 'PVM Steamer', 12, 6, 5, '2022-09-04 13:36:59', '2022-09-04 13:36:59', 0),
	(182, 'images/builds/MNzbHGFJPB5DB1ipVIuNDFl34I86l5N3YaryanjQ.webp', 'https://dofusroom.com/b-303022', 6, 'PVM Sacrieur', 12, 6, 5, '2022-09-04 13:36:59', '2022-09-04 13:36:59', 0),
	(183, 'images/builds/MNzbHGFJPB5DB1ipVIuNDFl34I86l5N3YaryanjQ.webp', 'https://dofusroom.com/b-303022', 16, 'PVM Eliotrope', 11, 6, 5, '2022-09-04 13:36:59', '2022-09-04 13:36:59', 0),
	(184, 'images/builds/MNzbHGFJPB5DB1ipVIuNDFl34I86l5N3YaryanjQ.webp', 'https://dofusroom.com/b-303022', 4, 'PVM Crâ', 12, 6, 5, '2022-09-04 13:36:59', '2022-09-04 13:36:59', 0),
	(185, 'images/builds/MNzbHGFJPB5DB1ipVIuNDFl34I86l5N3YaryanjQ.webp', 'https://dofusroom.com/b-303022', 9, 'PVM Enutrof', 11, 6, 5, '2022-09-04 13:36:59', '2022-09-04 13:36:59', 0),
	(186, 'images/builds/MNzbHGFJPB5DB1ipVIuNDFl34I86l5N3YaryanjQ.webp', 'https://dofusroom.com/b-303022', 4, 'PVM Crâ', 12, 6, 5, '2022-09-04 13:36:59', '2022-09-04 13:36:59', 0),
	(187, 'images/builds/MNzbHGFJPB5DB1ipVIuNDFl34I86l5N3YaryanjQ.webp', 'https://dofusroom.com/b-303022', 6, 'PVP Sacrieur', 12, 6, 5, '2022-09-04 13:36:59', '2022-09-04 13:36:59', 1),
	(188, 'images/builds/MNzbHGFJPB5DB1ipVIuNDFl34I86l5N3YaryanjQ.webp', 'https://dofusroom.com/b-303022', 17, 'PVP Huppermage', 12, 6, 5, '2022-09-04 13:36:59', '2022-09-04 13:36:59', 1),
	(189, 'images/builds/MNzbHGFJPB5DB1ipVIuNDFl34I86l5N3YaryanjQ.webp', 'https://dofusroom.com/b-303022', 2, 'PVP Eniripsa', 12, 6, 5, '2022-09-04 13:36:59', '2022-09-04 13:36:59', 1),
	(190, 'images/builds/MNzbHGFJPB5DB1ipVIuNDFl34I86l5N3YaryanjQ.webp', 'https://dofusroom.com/b-303022', 11, 'PVM Xélor', 12, 6, 5, '2022-09-04 13:36:59', '2022-09-04 13:36:59', 0),
	(191, 'images/builds/MNzbHGFJPB5DB1ipVIuNDFl34I86l5N3YaryanjQ.webp', 'https://dofusroom.com/b-303022', 7, 'PVP Sadida', 11, 6, 5, '2022-09-04 13:36:59', '2022-09-04 13:36:59', 1),
	(192, 'images/builds/MNzbHGFJPB5DB1ipVIuNDFl34I86l5N3YaryanjQ.webp', 'https://dofusroom.com/b-303022', 3, 'PVM Iop', 12, 6, 5, '2022-09-04 13:36:59', '2022-09-04 13:36:59', 0),
	(193, 'images/builds/MNzbHGFJPB5DB1ipVIuNDFl34I86l5N3YaryanjQ.webp', 'https://dofusroom.com/b-303022', 10, 'PVP Sram', 11, 6, 5, '2022-09-04 13:36:59', '2022-09-04 13:36:59', 1),
	(194, 'images/builds/MNzbHGFJPB5DB1ipVIuNDFl34I86l5N3YaryanjQ.webp', 'https://dofusroom.com/b-303022', 16, 'PVM Eliotrope', 12, 6, 5, '2022-09-04 13:36:59', '2022-09-04 13:36:59', 0),
	(195, 'images/builds/MNzbHGFJPB5DB1ipVIuNDFl34I86l5N3YaryanjQ.webp', 'https://dofusroom.com/b-303022', 18, 'PVM Ouginak', 12, 6, 5, '2022-09-04 13:36:59', '2022-09-04 13:36:59', 0),
	(196, 'images/builds/MNzbHGFJPB5DB1ipVIuNDFl34I86l5N3YaryanjQ.webp', 'https://dofusroom.com/b-303022', 17, 'PVP Huppermage', 11, 6, 5, '2022-09-04 13:36:59', '2022-09-04 13:36:59', 1),
	(197, 'images/builds/MNzbHGFJPB5DB1ipVIuNDFl34I86l5N3YaryanjQ.webp', 'https://dofusroom.com/b-303022', 2, 'PVP Eniripsa', 11, 6, 5, '2022-09-04 13:36:59', '2022-09-04 13:36:59', 1),
	(198, 'images/builds/MNzbHGFJPB5DB1ipVIuNDFl34I86l5N3YaryanjQ.webp', 'https://dofusroom.com/b-303022', 9, 'PVM Enutrof', 11, 6, 5, '2022-09-04 13:36:59', '2022-09-04 13:36:59', 0),
	(199, 'images/builds/MNzbHGFJPB5DB1ipVIuNDFl34I86l5N3YaryanjQ.webp', 'https://dofusroom.com/b-303022', 15, 'PVP Steamer', 11, 6, 5, '2022-09-04 13:36:59', '2022-09-04 13:36:59', 1),
	(201, 'images/builds/MNzbHGFJPB5DB1ipVIuNDFl34I86l5N3YaryanjQ.webp', 'https://dofusroom.com/b-303022', 15, 'PVM Steamer', 12, 6, 5, '2022-09-04 13:36:59', '2022-09-04 13:36:59', 0),
	(202, 'images/builds/MNzbHGFJPB5DB1ipVIuNDFl34I86l5N3YaryanjQ.webp', 'https://dofusroom.com/b-303022', 10, 'PVP Sram', 12, 6, 5, '2022-09-04 13:36:59', '2022-09-04 13:36:59', 1),
	(203, 'images/builds/MNzbHGFJPB5DB1ipVIuNDFl34I86l5N3YaryanjQ.webp', 'https://dofusroom.com/b-303022', 4, 'PVM Crâ', 12, 6, 5, '2022-09-04 13:36:59', '2022-09-04 13:36:59', 0),
	(204, 'images/builds/MNzbHGFJPB5DB1ipVIuNDFl34I86l5N3YaryanjQ.webp', 'https://dofusroom.com/b-303022', 4, 'PVM Crâ', 11, 6, 5, '2022-09-04 13:36:59', '2022-09-04 13:36:59', 0),
	(205, 'images/builds/MNzbHGFJPB5DB1ipVIuNDFl34I86l5N3YaryanjQ.webp', 'https://dofusroom.com/b-303022', 17, 'PVP Huppermage', 12, 6, 5, '2022-09-04 13:36:59', '2022-09-04 13:36:59', 1),
	(206, 'images/builds/MNzbHGFJPB5DB1ipVIuNDFl34I86l5N3YaryanjQ.webp', 'https://dofusroom.com/b-303022', 7, 'PVM Sadida', 12, 6, 5, '2022-09-04 13:36:59', '2022-09-04 13:36:59', 0),
	(207, 'images/builds/MNzbHGFJPB5DB1ipVIuNDFl34I86l5N3YaryanjQ.webp', 'https://dofusroom.com/b-303022', 14, 'PVP Zobal', 11, 6, 5, '2022-09-04 13:36:59', '2022-09-04 13:36:59', 1),
	(208, 'images/builds/MNzbHGFJPB5DB1ipVIuNDFl34I86l5N3YaryanjQ.webp', 'https://dofusroom.com/b-303022', 18, 'PVP Ouginak', 12, 6, 5, '2022-09-04 13:36:59', '2022-09-04 13:36:59', 1),
	(209, 'images/builds/MNzbHGFJPB5DB1ipVIuNDFl34I86l5N3YaryanjQ.webp', 'https://dofusroom.com/b-303022', 15, 'PVP Steamer', 11, 6, 5, '2022-09-04 13:36:59', '2022-09-04 13:36:59', 1),
	(210, 'images/builds/MNzbHGFJPB5DB1ipVIuNDFl34I86l5N3YaryanjQ.webp', 'https://dofusroom.com/b-303022', 11, 'PVM Xélor', 12, 6, 5, '2022-09-04 13:36:59', '2022-09-04 13:36:59', 0),
	(211, 'images/builds/MNzbHGFJPB5DB1ipVIuNDFl34I86l5N3YaryanjQ.webp', 'https://dofusroom.com/b-303022', 4, 'PVM Crâ', 11, 6, 5, '2022-09-04 13:36:59', '2022-09-04 13:36:59', 0),
	(212, 'images/builds/MNzbHGFJPB5DB1ipVIuNDFl34I86l5N3YaryanjQ.webp', 'https://dofusroom.com/b-303022', 17, 'PVM Huppermage', 12, 6, 5, '2022-09-04 13:36:59', '2022-09-04 13:36:59', 0),
	(213, 'images/builds/MNzbHGFJPB5DB1ipVIuNDFl34I86l5N3YaryanjQ.webp', 'https://dofusroom.com/b-303022', 4, 'PVP Crâ', 12, 6, 5, '2022-09-04 13:36:59', '2022-09-04 13:36:59', 1),
	(214, 'images/builds/MNzbHGFJPB5DB1ipVIuNDFl34I86l5N3YaryanjQ.webp', 'https://dofusroom.com/b-303022', 5, 'PVM Féca', 11, 6, 5, '2022-09-04 13:36:59', '2022-09-04 13:36:59', 0),
	(215, 'images/builds/MNzbHGFJPB5DB1ipVIuNDFl34I86l5N3YaryanjQ.webp', 'https://dofusroom.com/b-303022', 14, 'PVP Zobal', 11, 6, 5, '2022-09-04 13:36:59', '2022-09-04 13:36:59', 1),
	(217, 'images/builds/MNzbHGFJPB5DB1ipVIuNDFl34I86l5N3YaryanjQ.webp', 'https://dofusroom.com/b-303022', 18, 'PVM Ouginak', 12, 6, 5, '2022-09-04 13:36:59', '2022-09-04 13:36:59', 0),
	(218, 'images/builds/MNzbHGFJPB5DB1ipVIuNDFl34I86l5N3YaryanjQ.webp', 'https://dofusroom.com/b-303022', 17, 'PVP Huppermage', 12, 6, 5, '2022-09-04 13:36:59', '2022-09-04 13:36:59', 1),
	(219, 'images/builds/MNzbHGFJPB5DB1ipVIuNDFl34I86l5N3YaryanjQ.webp', 'https://dofusroom.com/b-303022', 15, 'PVP Steamer', 12, 6, 5, '2022-09-04 13:36:59', '2022-09-04 13:36:59', 1),
	(220, 'images/builds/MNzbHGFJPB5DB1ipVIuNDFl34I86l5N3YaryanjQ.webp', 'https://dofusroom.com/b-303022', 13, 'PVM Roublard', 11, 6, 5, '2022-09-04 13:36:59', '2022-09-04 13:36:59', 0),
	(221, 'images/builds/MNzbHGFJPB5DB1ipVIuNDFl34I86l5N3YaryanjQ.webp', 'https://dofusroom.com/b-303022', 11, 'PVP Xélor', 12, 6, 5, '2022-09-04 13:36:59', '2022-09-04 13:36:59', 1),
	(222, 'images/builds/MNzbHGFJPB5DB1ipVIuNDFl34I86l5N3YaryanjQ.webp', 'https://dofusroom.com/b-303022', 3, 'PVP Iop', 12, 6, 5, '2022-09-04 13:36:59', '2022-09-04 13:36:59', 1),
	(223, 'images/builds/MNzbHGFJPB5DB1ipVIuNDFl34I86l5N3YaryanjQ.webp', 'https://dofusroom.com/b-303022', 2, 'PVP Eniripsa', 12, 6, 5, '2022-09-04 13:36:59', '2022-09-04 13:36:59', 1),
	(224, 'images/builds/MNzbHGFJPB5DB1ipVIuNDFl34I86l5N3YaryanjQ.webp', 'https://dofusroom.com/b-303022', 8, 'PVP Osamodas', 11, 6, 5, '2022-09-04 13:36:59', '2022-09-04 13:36:59', 1);
/*!40000 ALTER TABLE `builds` ENABLE KEYS */;

-- Listage des données de la table barbofus.build_element : ~320 rows (environ)
/*!40000 ALTER TABLE `build_element` DISABLE KEYS */;
INSERT INTO `build_element` (`id`, `build_id`, `element_id`, `created_at`, `updated_at`) VALUES
	(301, 117, 1, NULL, NULL),
	(302, 117, 2, NULL, NULL),
	(303, 117, 3, NULL, NULL),
	(304, 117, 4, NULL, NULL),
	(305, 118, 2, NULL, NULL),
	(306, 118, 3, NULL, NULL),
	(307, 118, 4, NULL, NULL),
	(308, 118, 6, NULL, NULL),
	(309, 119, 1, NULL, NULL),
	(310, 119, 3, NULL, NULL),
	(311, 119, 4, NULL, NULL),
	(312, 119, 6, NULL, NULL),
	(313, 120, 1, NULL, NULL),
	(314, 120, 2, NULL, NULL),
	(315, 120, 3, NULL, NULL),
	(316, 121, 2, NULL, NULL),
	(317, 121, 4, NULL, NULL),
	(318, 122, 4, NULL, NULL),
	(319, 122, 6, NULL, NULL),
	(320, 123, 1, NULL, NULL),
	(321, 123, 2, NULL, NULL),
	(322, 123, 3, NULL, NULL),
	(323, 124, 2, NULL, NULL),
	(324, 124, 3, NULL, NULL),
	(325, 124, 4, NULL, NULL),
	(326, 124, 6, NULL, NULL),
	(327, 125, 1, NULL, NULL),
	(328, 125, 3, NULL, NULL),
	(329, 125, 5, NULL, NULL),
	(330, 126, 2, NULL, NULL),
	(331, 126, 3, NULL, NULL),
	(332, 127, 2, NULL, NULL),
	(333, 127, 6, NULL, NULL),
	(334, 128, 1, NULL, NULL),
	(335, 128, 2, NULL, NULL),
	(336, 128, 3, NULL, NULL),
	(337, 128, 4, NULL, NULL),
	(338, 128, 6, NULL, NULL),
	(339, 129, 1, NULL, NULL),
	(340, 130, 4, NULL, NULL),
	(341, 130, 5, NULL, NULL),
	(342, 131, 1, NULL, NULL),
	(343, 131, 2, NULL, NULL),
	(344, 132, 1, NULL, NULL),
	(345, 132, 3, NULL, NULL),
	(346, 132, 4, NULL, NULL),
	(347, 133, 1, NULL, NULL),
	(348, 133, 2, NULL, NULL),
	(349, 133, 4, NULL, NULL),
	(350, 133, 6, NULL, NULL),
	(351, 134, 2, NULL, NULL),
	(352, 134, 3, NULL, NULL),
	(353, 134, 4, NULL, NULL),
	(354, 135, 2, NULL, NULL),
	(355, 135, 3, NULL, NULL),
	(356, 135, 4, NULL, NULL),
	(357, 136, 1, NULL, NULL),
	(358, 136, 2, NULL, NULL),
	(359, 136, 6, NULL, NULL),
	(360, 137, 1, NULL, NULL),
	(361, 137, 5, NULL, NULL),
	(362, 138, 1, NULL, NULL),
	(363, 138, 2, NULL, NULL),
	(364, 138, 3, NULL, NULL),
	(365, 138, 4, NULL, NULL),
	(366, 139, 2, NULL, NULL),
	(367, 139, 3, NULL, NULL),
	(368, 139, 4, NULL, NULL),
	(369, 140, 2, NULL, NULL),
	(370, 140, 3, NULL, NULL),
	(371, 141, 2, NULL, NULL),
	(372, 141, 3, NULL, NULL),
	(373, 142, 2, NULL, NULL),
	(374, 142, 3, NULL, NULL),
	(375, 142, 4, NULL, NULL),
	(376, 142, 5, NULL, NULL),
	(377, 143, 1, NULL, NULL),
	(378, 143, 2, NULL, NULL),
	(379, 143, 3, NULL, NULL),
	(380, 143, 4, NULL, NULL),
	(381, 143, 5, NULL, NULL),
	(382, 144, 1, NULL, NULL),
	(383, 144, 2, NULL, NULL),
	(384, 144, 3, NULL, NULL),
	(385, 144, 4, NULL, NULL),
	(386, 145, 1, NULL, NULL),
	(387, 145, 2, NULL, NULL),
	(388, 145, 3, NULL, NULL),
	(389, 145, 4, NULL, NULL),
	(390, 145, 6, NULL, NULL),
	(391, 146, 4, NULL, NULL),
	(392, 146, 6, NULL, NULL),
	(393, 147, 1, NULL, NULL),
	(394, 147, 2, NULL, NULL),
	(395, 147, 3, NULL, NULL),
	(396, 147, 4, NULL, NULL),
	(397, 147, 6, NULL, NULL),
	(398, 148, 1, NULL, NULL),
	(399, 148, 2, NULL, NULL),
	(400, 148, 3, NULL, NULL),
	(401, 149, 1, NULL, NULL),
	(402, 149, 2, NULL, NULL),
	(403, 149, 3, NULL, NULL),
	(404, 149, 4, NULL, NULL),
	(405, 149, 6, NULL, NULL),
	(406, 150, 2, NULL, NULL),
	(407, 151, 1, NULL, NULL),
	(408, 151, 2, NULL, NULL),
	(409, 151, 3, NULL, NULL),
	(410, 151, 4, NULL, NULL),
	(411, 152, 1, NULL, NULL),
	(412, 152, 2, NULL, NULL),
	(413, 152, 3, NULL, NULL),
	(414, 152, 4, NULL, NULL),
	(415, 153, 1, NULL, NULL),
	(416, 153, 3, NULL, NULL),
	(417, 154, 1, NULL, NULL),
	(418, 154, 2, NULL, NULL),
	(419, 154, 3, NULL, NULL),
	(420, 154, 4, NULL, NULL),
	(421, 154, 6, NULL, NULL),
	(422, 155, 2, NULL, NULL),
	(423, 155, 4, NULL, NULL),
	(424, 156, 2, NULL, NULL),
	(425, 157, 2, NULL, NULL),
	(426, 157, 4, NULL, NULL),
	(427, 158, 2, NULL, NULL),
	(428, 158, 3, NULL, NULL),
	(429, 158, 4, NULL, NULL),
	(430, 158, 6, NULL, NULL),
	(431, 159, 2, NULL, NULL),
	(432, 160, 1, NULL, NULL),
	(433, 160, 3, NULL, NULL),
	(434, 160, 4, NULL, NULL),
	(435, 161, 1, NULL, NULL),
	(436, 161, 2, NULL, NULL),
	(437, 161, 4, NULL, NULL),
	(438, 161, 6, NULL, NULL),
	(439, 162, 1, NULL, NULL),
	(440, 162, 2, NULL, NULL),
	(441, 162, 3, NULL, NULL),
	(442, 162, 4, NULL, NULL),
	(443, 162, 6, NULL, NULL),
	(444, 163, 2, NULL, NULL),
	(445, 164, 1, NULL, NULL),
	(446, 164, 5, NULL, NULL),
	(447, 165, 1, NULL, NULL),
	(448, 165, 2, NULL, NULL),
	(449, 165, 3, NULL, NULL),
	(450, 165, 4, NULL, NULL),
	(451, 165, 6, NULL, NULL),
	(452, 166, 2, NULL, NULL),
	(453, 166, 3, NULL, NULL),
	(454, 166, 4, NULL, NULL),
	(455, 166, 5, NULL, NULL),
	(456, 167, 1, NULL, NULL),
	(457, 167, 2, NULL, NULL),
	(458, 167, 3, NULL, NULL),
	(459, 167, 5, NULL, NULL),
	(460, 168, 1, NULL, NULL),
	(461, 168, 2, NULL, NULL),
	(462, 168, 3, NULL, NULL),
	(463, 168, 4, NULL, NULL),
	(464, 169, 2, NULL, NULL),
	(465, 170, 2, NULL, NULL),
	(466, 170, 4, NULL, NULL),
	(467, 170, 6, NULL, NULL),
	(468, 171, 2, NULL, NULL),
	(469, 171, 4, NULL, NULL),
	(470, 172, 1, NULL, NULL),
	(471, 172, 6, NULL, NULL),
	(472, 173, 3, NULL, NULL),
	(473, 174, 1, NULL, NULL),
	(474, 174, 2, NULL, NULL),
	(475, 174, 3, NULL, NULL),
	(476, 174, 4, NULL, NULL),
	(477, 174, 5, NULL, NULL),
	(478, 175, 1, NULL, NULL),
	(479, 175, 2, NULL, NULL),
	(480, 175, 3, NULL, NULL),
	(481, 175, 4, NULL, NULL),
	(482, 176, 1, NULL, NULL),
	(483, 177, 2, NULL, NULL),
	(484, 177, 5, NULL, NULL),
	(485, 178, 3, NULL, NULL),
	(486, 179, 1, NULL, NULL),
	(487, 179, 2, NULL, NULL),
	(489, 180, 1, NULL, NULL),
	(490, 180, 2, NULL, NULL),
	(491, 180, 3, NULL, NULL),
	(492, 180, 4, NULL, NULL),
	(493, 181, 1, NULL, NULL),
	(494, 181, 2, NULL, NULL),
	(495, 181, 3, NULL, NULL),
	(496, 182, 1, NULL, NULL),
	(497, 182, 2, NULL, NULL),
	(498, 182, 3, NULL, NULL),
	(499, 182, 4, NULL, NULL),
	(500, 183, 4, NULL, NULL),
	(501, 183, 6, NULL, NULL),
	(502, 184, 1, NULL, NULL),
	(503, 184, 2, NULL, NULL),
	(504, 184, 6, NULL, NULL),
	(505, 185, 4, NULL, NULL),
	(506, 186, 1, NULL, NULL),
	(507, 186, 2, NULL, NULL),
	(508, 186, 3, NULL, NULL),
	(509, 186, 6, NULL, NULL),
	(510, 187, 1, NULL, NULL),
	(511, 187, 6, NULL, NULL),
	(512, 188, 1, NULL, NULL),
	(513, 188, 2, NULL, NULL),
	(514, 188, 4, NULL, NULL),
	(515, 188, 6, NULL, NULL),
	(516, 189, 1, NULL, NULL),
	(517, 189, 2, NULL, NULL),
	(518, 189, 3, NULL, NULL),
	(519, 189, 4, NULL, NULL),
	(520, 190, 1, NULL, NULL),
	(521, 190, 5, NULL, NULL),
	(522, 191, 1, NULL, NULL),
	(523, 191, 2, NULL, NULL),
	(524, 191, 3, NULL, NULL),
	(525, 191, 4, NULL, NULL),
	(526, 192, 3, NULL, NULL),
	(527, 192, 4, NULL, NULL),
	(528, 192, 5, NULL, NULL),
	(529, 193, 1, NULL, NULL),
	(530, 193, 4, NULL, NULL),
	(531, 193, 5, NULL, NULL),
	(532, 194, 1, NULL, NULL),
	(533, 194, 2, NULL, NULL),
	(534, 194, 3, NULL, NULL),
	(535, 194, 4, NULL, NULL),
	(536, 194, 6, NULL, NULL),
	(537, 195, 1, NULL, NULL),
	(538, 195, 2, NULL, NULL),
	(539, 195, 3, NULL, NULL),
	(540, 195, 4, NULL, NULL),
	(541, 195, 5, NULL, NULL),
	(542, 196, 1, NULL, NULL),
	(543, 196, 3, NULL, NULL),
	(544, 196, 4, NULL, NULL),
	(545, 196, 6, NULL, NULL),
	(546, 197, 2, NULL, NULL),
	(547, 197, 3, NULL, NULL),
	(548, 198, 1, NULL, NULL),
	(549, 198, 2, NULL, NULL),
	(550, 198, 3, NULL, NULL),
	(551, 198, 4, NULL, NULL),
	(552, 199, 2, NULL, NULL),
	(553, 199, 3, NULL, NULL),
	(554, 199, 4, NULL, NULL),
	(555, 199, 5, NULL, NULL),
	(561, 201, 2, NULL, NULL),
	(562, 202, 1, NULL, NULL),
	(563, 202, 2, NULL, NULL),
	(564, 202, 6, NULL, NULL),
	(565, 203, 2, NULL, NULL),
	(566, 203, 3, NULL, NULL),
	(567, 203, 4, NULL, NULL),
	(568, 203, 6, NULL, NULL),
	(569, 204, 1, NULL, NULL),
	(570, 204, 3, NULL, NULL),
	(571, 204, 4, NULL, NULL),
	(572, 205, 1, NULL, NULL),
	(573, 205, 2, NULL, NULL),
	(574, 205, 3, NULL, NULL),
	(575, 205, 4, NULL, NULL),
	(576, 206, 1, NULL, NULL),
	(577, 207, 1, NULL, NULL),
	(578, 207, 2, NULL, NULL),
	(579, 207, 3, NULL, NULL),
	(580, 208, 2, NULL, NULL),
	(581, 208, 3, NULL, NULL),
	(582, 208, 4, NULL, NULL),
	(583, 209, 1, NULL, NULL),
	(584, 209, 3, NULL, NULL),
	(585, 209, 6, NULL, NULL),
	(586, 210, 1, NULL, NULL),
	(587, 210, 2, NULL, NULL),
	(588, 210, 3, NULL, NULL),
	(589, 211, 3, NULL, NULL),
	(590, 212, 2, NULL, NULL),
	(591, 212, 6, NULL, NULL),
	(592, 213, 3, NULL, NULL),
	(593, 214, 1, NULL, NULL),
	(594, 214, 3, NULL, NULL),
	(595, 214, 4, NULL, NULL),
	(596, 214, 6, NULL, NULL),
	(597, 215, 1, NULL, NULL),
	(598, 215, 6, NULL, NULL),
	(602, 217, 1, NULL, NULL),
	(603, 217, 2, NULL, NULL),
	(604, 217, 3, NULL, NULL),
	(605, 217, 4, NULL, NULL),
	(606, 218, 2, NULL, NULL),
	(607, 218, 4, NULL, NULL),
	(608, 218, 6, NULL, NULL),
	(609, 219, 1, NULL, NULL),
	(610, 219, 3, NULL, NULL),
	(611, 219, 5, NULL, NULL),
	(612, 220, 1, NULL, NULL),
	(613, 220, 3, NULL, NULL),
	(614, 221, 2, NULL, NULL),
	(615, 221, 6, NULL, NULL),
	(616, 222, 1, NULL, NULL),
	(617, 223, 1, NULL, NULL),
	(618, 223, 2, NULL, NULL),
	(619, 223, 4, NULL, NULL),
	(620, 224, 3, NULL, NULL),
	(622, 179, 5, NULL, NULL);
/*!40000 ALTER TABLE `build_element` ENABLE KEYS */;

-- Listage des données de la table barbofus.elements : ~6 rows (environ)
/*!40000 ALTER TABLE `elements` DISABLE KEYS */;
INSERT INTO `elements` (`id`, `name`, `icon_path`, `created_at`, `updated_at`, `is_elemental`) VALUES
	(1, 'air', 'icon_air.png', NULL, NULL, 1),
	(2, 'terre', 'icon_terre.png', NULL, NULL, 1),
	(3, 'eau', 'icon_eau.png', NULL, NULL, 1),
	(4, 'feu', 'icon_feu.png', NULL, NULL, 1),
	(5, 'docri', 'icon_docri.png', NULL, NULL, 0),
	(6, 'dopou', 'icon_dopou.png', NULL, NULL, 0);
/*!40000 ALTER TABLE `elements` ENABLE KEYS */;

-- Listage des données de la table barbofus.failed_jobs : ~0 rows (environ)
/*!40000 ALTER TABLE `failed_jobs` DISABLE KEYS */;
/*!40000 ALTER TABLE `failed_jobs` ENABLE KEYS */;

-- Listage des données de la table barbofus.migrations : ~11 rows (environ)
/*!40000 ALTER TABLE `migrations` DISABLE KEYS */;
INSERT INTO `migrations` (`id`, `migration`, `batch`) VALUES
	(1, '2014_10_12_000000_create_users_table', 1),
	(2, '2014_10_12_100000_create_password_resets_table', 1),
	(3, '2019_08_19_000000_create_failed_jobs_table', 1),
	(4, '2019_12_14_000001_create_personal_access_tokens_table', 1),
	(5, '2013_07_30_124741_create_roles_table', 2),
	(6, '2014_10_12_200000_add_two_factor_columns_to_users_table', 2),
	(7, '2022_07_30_125618_add_role_id_column_to_users_table', 3),
	(8, '2022_07_30_180992_create_races_table', 4),
	(9, '2022_07_30_181423_create_builds_table', 4),
	(10, '2022_07_30_181536_create_elements_table', 4),
	(11, '2022_07_30_183243_create_pivot_table_build_element', 5),
	(12, '2022_08_09_165150_add_is_elemental_column_to_elements_table', 6),
	(13, '2022_08_11_211018_set_name_to_unique_on_users_table', 7),
	(14, '2022_09_04_121251_add_is_pvp_column_to_builds_table', 8);
/*!40000 ALTER TABLE `migrations` ENABLE KEYS */;

-- Listage des données de la table barbofus.password_resets : ~0 rows (environ)
/*!40000 ALTER TABLE `password_resets` DISABLE KEYS */;
/*!40000 ALTER TABLE `password_resets` ENABLE KEYS */;

-- Listage des données de la table barbofus.personal_access_tokens : ~0 rows (environ)
/*!40000 ALTER TABLE `personal_access_tokens` DISABLE KEYS */;
/*!40000 ALTER TABLE `personal_access_tokens` ENABLE KEYS */;

-- Listage des données de la table barbofus.races : ~18 rows (environ)
/*!40000 ALTER TABLE `races` DISABLE KEYS */;
INSERT INTO `races` (`id`, `name`, `icon_path`, `banner_path`, `created_at`, `updated_at`) VALUES
	(1, 'Ecaflip', 'logo-ecaflip.png', 'banner_ecaflip.jpg', NULL, NULL),
	(2, 'Eniripsa', 'logo-eniripsa.png', 'banner_eniripsa.jpg', NULL, NULL),
	(3, 'Iop', 'logo-iop.png', 'banner_iop.jpg', NULL, NULL),
	(4, 'Crâ', 'logo-cra.png', 'banner_cra.jpg', NULL, NULL),
	(5, 'Féca', 'logo-feca.png', 'banner_feca.jpg', NULL, NULL),
	(6, 'Sacrieur', 'logo-sacrieur.png', 'banner_sacrieur.jpg', NULL, NULL),
	(7, 'Sadida', 'logo-sadida.png', 'banner_sadida.jpg', NULL, NULL),
	(8, 'Osamodas', 'logo-osamodas.png', 'banner_osamodas.jpg', NULL, NULL),
	(9, 'Enutrof', 'logo-enutrof.png', 'banner_enutrof.jpg', NULL, NULL),
	(10, 'Sram', 'logo-sram.png', 'banner_sram.jpg', NULL, NULL),
	(11, 'Xélor', 'logo-xelor.png', 'banner_xelor.jpg', NULL, NULL),
	(12, 'Pandawa', 'logo-pandawa.png', 'banner_pandawa.jpg', NULL, NULL),
	(13, 'Roublard', 'logo-roublard.png', 'banner_roublard.jpg', NULL, NULL),
	(14, 'Zobal', 'logo-zobal.png', 'banner_zobal.jpg', NULL, NULL),
	(15, 'Steamer', 'logo-steamer.png', 'banner_steamer.jpg', NULL, NULL),
	(16, 'Eliotrope', 'logo-eliotrope.png', 'banner_eliotrope.jpg', NULL, NULL),
	(17, 'Huppermage', 'logo-huppermage.png', 'banner_huppermage.jpg', NULL, NULL),
	(18, 'Ouginak', 'logo-ouginak.png', 'banner_ouginak.jpg', NULL, NULL);
/*!40000 ALTER TABLE `races` ENABLE KEYS */;

-- Listage des données de la table barbofus.roles : ~2 rows (environ)
/*!40000 ALTER TABLE `roles` DISABLE KEYS */;
INSERT INTO `roles` (`id`, `name`, `created_at`, `updated_at`) VALUES
	(1, 'Utilisateur', NULL, NULL),
	(2, 'Admin', NULL, NULL),
	(3, 'Modérateur', NULL, NULL);
/*!40000 ALTER TABLE `roles` ENABLE KEYS */;

-- Listage des données de la table barbofus.users : ~53 rows (environ)
/*!40000 ALTER TABLE `users` DISABLE KEYS */;
INSERT INTO `users` (`id`, `name`, `email`, `email_verified_at`, `password`, `two_factor_secret`, `two_factor_recovery_codes`, `two_factor_confirmed_at`, `remember_token`, `created_at`, `updated_at`, `role_id`) VALUES
	(5, 'admin', 'admin@gmail.com', NULL, '$2y$10$BN8PMdrR/7A.R7ycmQyUfe8QA69Q2mN860GD5xXQGAD3bXW80N47O', NULL, NULL, NULL, NULL, '2022-07-30 17:06:50', '2022-08-13 23:17:20', 2),
	(8, 'modo', 'modo@gmail.com', NULL, '$2y$10$j8s1C1jGq8IgPkByRmX5OOznls5KDAFMZVVSM5o0IB2IuvppROv8i', NULL, NULL, NULL, NULL, '2022-08-07 16:36:36', '2022-08-31 13:14:00', 3),
	(9, 'user', 'user@gmail.com', NULL, '$2y$10$kf185ZQoy9uTkn8p/giWA.xZFAnDkmsJ54sFl.emLr2yd0PTpnkea', NULL, NULL, NULL, NULL, '2022-08-07 18:08:13', '2022-09-03 21:07:31', 1),
	(11, 'Dr. Brooklyn Boehm', 'pmertz@example.com', '2022-08-31 13:36:05', '$2y$10$92IXUNpkjO0rOQ5byMi.Ye4oKoEa3Ro9llC/.og/at2.uheWG/igi', NULL, NULL, NULL, 'qlfQbfdMwT', '2022-08-31 13:36:05', '2022-08-31 13:36:05', 1),
	(12, 'Thalia Kihn', 'pkuvalis@example.com', '2022-08-31 13:36:05', '$2y$10$92IXUNpkjO0rOQ5byMi.Ye4oKoEa3Ro9llC/.og/at2.uheWG/igi', NULL, NULL, NULL, 'ZI4DRCNbVP', '2022-08-31 13:36:05', '2022-08-31 13:36:05', 1),
	(13, 'Berry Goodwin MD', 'bert.bahringer@example.com', '2022-08-31 13:36:05', '$2y$10$92IXUNpkjO0rOQ5byMi.Ye4oKoEa3Ro9llC/.og/at2.uheWG/igi', NULL, NULL, NULL, 'NEhkNMQcVX', '2022-08-31 13:36:05', '2022-08-31 13:36:05', 1),
	(14, 'Jensen Murray', 'damore.hellen@example.org', '2022-08-31 13:36:05', '$2y$10$92IXUNpkjO0rOQ5byMi.Ye4oKoEa3Ro9llC/.og/at2.uheWG/igi', NULL, NULL, NULL, 'UTU6cihW6I', '2022-08-31 13:36:05', '2022-08-31 13:36:05', 1),
	(15, 'Prof. Maxime Borer PhD', 'romaguera.jared@example.net', '2022-08-31 13:36:05', '$2y$10$92IXUNpkjO0rOQ5byMi.Ye4oKoEa3Ro9llC/.og/at2.uheWG/igi', NULL, NULL, NULL, 'MHroZitga7', '2022-08-31 13:36:05', '2022-08-31 13:36:05', 1),
	(16, 'Madaline Schmitt', 'beatrice48@example.com', '2022-08-31 13:36:05', '$2y$10$92IXUNpkjO0rOQ5byMi.Ye4oKoEa3Ro9llC/.og/at2.uheWG/igi', NULL, NULL, NULL, 'EC2CB17g5Z', '2022-08-31 13:36:05', '2022-08-31 13:36:05', 1),
	(17, 'Bradley Frami', 'hilbert61@example.org', '2022-08-31 13:36:05', '$2y$10$92IXUNpkjO0rOQ5byMi.Ye4oKoEa3Ro9llC/.og/at2.uheWG/igi', NULL, NULL, NULL, 'M91yVMWHr8', '2022-08-31 13:36:05', '2022-08-31 13:36:05', 1),
	(18, 'Ms. Annetta Bode', 'zpredovic@example.net', '2022-08-31 13:36:05', '$2y$10$92IXUNpkjO0rOQ5byMi.Ye4oKoEa3Ro9llC/.og/at2.uheWG/igi', NULL, NULL, NULL, 'LDyY8iYw2J', '2022-08-31 13:36:05', '2022-08-31 13:36:05', 1),
	(19, 'Prof. Reid DuBuque III', 'jaylan31@example.com', '2022-08-31 13:36:05', '$2y$10$92IXUNpkjO0rOQ5byMi.Ye4oKoEa3Ro9llC/.og/at2.uheWG/igi', NULL, NULL, NULL, 'aENR0hb0Tz', '2022-08-31 13:36:05', '2022-08-31 13:36:05', 1),
	(20, 'Emmy Fay IV', 'lbartell@example.org', '2022-08-31 13:36:49', '$2y$10$92IXUNpkjO0rOQ5byMi.Ye4oKoEa3Ro9llC/.og/at2.uheWG/igi', NULL, NULL, NULL, 'O0S2MGhXG6', '2022-08-31 13:36:49', '2022-08-31 13:36:49', 1),
	(21, 'Kobe Swaniawski', 'marlin.hamill@example.com', '2022-08-31 13:36:49', '$2y$10$92IXUNpkjO0rOQ5byMi.Ye4oKoEa3Ro9llC/.og/at2.uheWG/igi', NULL, NULL, NULL, 'Kyf7anzPls', '2022-08-31 13:36:49', '2022-08-31 13:36:49', 1),
	(22, 'Ms. Adrienne Goyette DVM', 'khowe@example.org', '2022-08-31 13:36:49', '$2y$10$92IXUNpkjO0rOQ5byMi.Ye4oKoEa3Ro9llC/.og/at2.uheWG/igi', NULL, NULL, NULL, 'tEz3OgsChf', '2022-08-31 13:36:49', '2022-08-31 13:36:49', 1),
	(23, 'Kane Berge IV', 'zkreiger@example.com', '2022-08-31 13:36:49', '$2y$10$92IXUNpkjO0rOQ5byMi.Ye4oKoEa3Ro9llC/.og/at2.uheWG/igi', NULL, NULL, NULL, 'HddjrGH69G', '2022-08-31 13:36:49', '2022-08-31 13:36:49', 1),
	(24, 'Willa Brekke', 'volkman.michaela@example.org', '2022-08-31 13:36:49', '$2y$10$92IXUNpkjO0rOQ5byMi.Ye4oKoEa3Ro9llC/.og/at2.uheWG/igi', NULL, NULL, NULL, 'LypxJhUKKr', '2022-08-31 13:36:49', '2022-08-31 13:36:49', 1),
	(25, 'Mrs. Jacynthe Muller', 'adela66@example.net', '2022-08-31 13:36:49', '$2y$10$92IXUNpkjO0rOQ5byMi.Ye4oKoEa3Ro9llC/.og/at2.uheWG/igi', NULL, NULL, NULL, 'pvZQ5jxlmr', '2022-08-31 13:36:49', '2022-08-31 13:36:49', 1),
	(26, 'Dr. Carmelo Bauch II', 'hlynch@example.org', '2022-08-31 13:36:49', '$2y$10$92IXUNpkjO0rOQ5byMi.Ye4oKoEa3Ro9llC/.og/at2.uheWG/igi', NULL, NULL, NULL, 'xMzu3GjGqf', '2022-08-31 13:36:49', '2022-08-31 13:36:49', 1),
	(27, 'Micah Hessel', 'ofelia17@example.net', '2022-08-31 13:36:49', '$2y$10$92IXUNpkjO0rOQ5byMi.Ye4oKoEa3Ro9llC/.og/at2.uheWG/igi', NULL, NULL, NULL, 'GKpfYrBxeY', '2022-08-31 13:36:49', '2022-08-31 13:36:49', 1),
	(28, 'Alvis Crona', 'blangworth@example.org', '2022-08-31 13:36:49', '$2y$10$92IXUNpkjO0rOQ5byMi.Ye4oKoEa3Ro9llC/.og/at2.uheWG/igi', NULL, NULL, NULL, '2TNal6Jujk', '2022-08-31 13:36:49', '2022-08-31 13:36:49', 1),
	(29, 'Malvina Volkman', 'merlin.crooks@example.net', '2022-08-31 13:36:49', '$2y$10$92IXUNpkjO0rOQ5byMi.Ye4oKoEa3Ro9llC/.og/at2.uheWG/igi', NULL, NULL, NULL, 'AM1uc94fqv', '2022-08-31 13:36:49', '2022-08-31 13:36:49', 1),
	(30, 'Mr. Rudolph Crist IV', 'brenna.mckenzie@example.com', '2022-08-31 13:38:36', '$2y$10$92IXUNpkjO0rOQ5byMi.Ye4oKoEa3Ro9llC/.og/at2.uheWG/igi', NULL, NULL, NULL, '544enJPAoM', '2022-08-31 13:38:36', '2022-08-31 13:38:36', 1),
	(31, 'Prof. Lauretta Fadel III', 'hand.zion@example.net', '2022-08-31 13:38:36', '$2y$10$92IXUNpkjO0rOQ5byMi.Ye4oKoEa3Ro9llC/.og/at2.uheWG/igi', NULL, NULL, NULL, 'gnDbl1hyrQ', '2022-08-31 13:38:36', '2022-08-31 13:38:36', 1),
	(32, 'Wilmer Marvin', 'lorena.champlin@example.net', '2022-08-31 13:38:36', '$2y$10$92IXUNpkjO0rOQ5byMi.Ye4oKoEa3Ro9llC/.og/at2.uheWG/igi', NULL, NULL, NULL, 'PghG6WXtNZ', '2022-08-31 13:38:36', '2022-08-31 13:38:36', 1),
	(33, 'Cara Hessel', 'dlarkin@example.com', '2022-08-31 13:38:36', '$2y$10$92IXUNpkjO0rOQ5byMi.Ye4oKoEa3Ro9llC/.og/at2.uheWG/igi', NULL, NULL, NULL, 'RaxIuFzSBB', '2022-08-31 13:38:36', '2022-08-31 13:38:36', 1),
	(34, 'Lila Gusikowski II', 'gretchen11@example.net', '2022-08-31 13:38:36', '$2y$10$92IXUNpkjO0rOQ5byMi.Ye4oKoEa3Ro9llC/.og/at2.uheWG/igi', NULL, NULL, NULL, 'Tg4Lwj8z7X', '2022-08-31 13:38:36', '2022-08-31 13:38:36', 1),
	(35, 'Ms. Alene Predovic', 'mchristiansen@example.com', '2022-08-31 13:38:36', '$2y$10$92IXUNpkjO0rOQ5byMi.Ye4oKoEa3Ro9llC/.og/at2.uheWG/igi', NULL, NULL, NULL, 'dKKB75s9Hd', '2022-08-31 13:38:36', '2022-08-31 13:38:36', 1),
	(36, 'Miss Rosie Smith MD', 'anissa.buckridge@example.org', '2022-08-31 13:38:36', '$2y$10$92IXUNpkjO0rOQ5byMi.Ye4oKoEa3Ro9llC/.og/at2.uheWG/igi', NULL, NULL, NULL, 'QW9z6Twzxv', '2022-08-31 13:38:36', '2022-08-31 13:38:36', 1),
	(37, 'Axel Bode', 'rick15@example.org', '2022-08-31 13:38:36', '$2y$10$92IXUNpkjO0rOQ5byMi.Ye4oKoEa3Ro9llC/.og/at2.uheWG/igi', NULL, NULL, NULL, 'NCan9eWf9n', '2022-08-31 13:38:36', '2022-08-31 13:38:36', 1),
	(38, 'Brennan Willms', 'sfriesen@example.org', '2022-08-31 13:38:36', '$2y$10$92IXUNpkjO0rOQ5byMi.Ye4oKoEa3Ro9llC/.og/at2.uheWG/igi', NULL, NULL, NULL, 'HVsoFL8qTG', '2022-08-31 13:38:36', '2022-08-31 13:38:36', 1),
	(39, 'Carter Vandervort PhD', 'ardella.rath@example.com', '2022-08-31 13:38:36', '$2y$10$92IXUNpkjO0rOQ5byMi.Ye4oKoEa3Ro9llC/.og/at2.uheWG/igi', NULL, NULL, NULL, 'qBMTK9IuEo', '2022-08-31 13:38:36', '2022-08-31 13:38:36', 1),
	(40, 'Jessica Hilpert', 'xfarrell@example.com', '2022-08-31 13:40:11', '$2y$10$92IXUNpkjO0rOQ5byMi.Ye4oKoEa3Ro9llC/.og/at2.uheWG/igi', NULL, NULL, NULL, 'siDx89Fr5P', '2022-08-31 13:40:11', '2022-08-31 13:40:11', 1),
	(41, 'Rosario Durgan', 'trobel@example.org', '2022-08-31 13:40:11', '$2y$10$92IXUNpkjO0rOQ5byMi.Ye4oKoEa3Ro9llC/.og/at2.uheWG/igi', NULL, NULL, NULL, 'jI5qNemWAt', '2022-08-31 13:40:11', '2022-08-31 13:40:11', 1),
	(42, 'Naomi Schultz DDS', 'nicolas.remington@example.com', '2022-08-31 13:40:11', '$2y$10$92IXUNpkjO0rOQ5byMi.Ye4oKoEa3Ro9llC/.og/at2.uheWG/igi', NULL, NULL, NULL, '3X0GYWDZ8v', '2022-08-31 13:40:11', '2022-08-31 13:40:11', 1),
	(43, 'Joshua Torp', 'cyril.hartmann@example.net', '2022-08-31 13:40:11', '$2y$10$92IXUNpkjO0rOQ5byMi.Ye4oKoEa3Ro9llC/.og/at2.uheWG/igi', NULL, NULL, NULL, 'cSiGOiVTyW', '2022-08-31 13:40:11', '2022-08-31 13:40:11', 1),
	(44, 'Johann Rosenbaum', 'mathew46@example.com', '2022-08-31 13:40:11', '$2y$10$92IXUNpkjO0rOQ5byMi.Ye4oKoEa3Ro9llC/.og/at2.uheWG/igi', NULL, NULL, NULL, 'a9kzwv9puz', '2022-08-31 13:40:11', '2022-08-31 13:40:11', 1),
	(45, 'Hayden Blanda', 'obode@example.org', '2022-08-31 13:40:11', '$2y$10$92IXUNpkjO0rOQ5byMi.Ye4oKoEa3Ro9llC/.og/at2.uheWG/igi', NULL, NULL, NULL, 'VMYB2qJlkJ', '2022-08-31 13:40:11', '2022-08-31 13:40:11', 1),
	(46, 'Corrine Cremin', 'bashirian.lia@example.com', '2022-08-31 13:40:11', '$2y$10$92IXUNpkjO0rOQ5byMi.Ye4oKoEa3Ro9llC/.og/at2.uheWG/igi', NULL, NULL, NULL, '8FSup5B3pd', '2022-08-31 13:40:11', '2022-08-31 13:40:11', 1),
	(47, 'Gussie Sanford', 'thintz@example.org', '2022-08-31 13:40:11', '$2y$10$92IXUNpkjO0rOQ5byMi.Ye4oKoEa3Ro9llC/.og/at2.uheWG/igi', NULL, NULL, NULL, 'svdwGb7zsS', '2022-08-31 13:40:11', '2022-08-31 13:40:11', 1),
	(48, 'Mrs. Elfrieda Thiel', 'bstehr@example.com', '2022-08-31 13:40:11', '$2y$10$92IXUNpkjO0rOQ5byMi.Ye4oKoEa3Ro9llC/.og/at2.uheWG/igi', NULL, NULL, NULL, 'sKT91LmaXz', '2022-08-31 13:40:11', '2022-08-31 13:40:11', 1),
	(49, 'Dino Feeney DDS', 'rosanna20@example.com', '2022-08-31 13:40:11', '$2y$10$92IXUNpkjO0rOQ5byMi.Ye4oKoEa3Ro9llC/.og/at2.uheWG/igi', NULL, NULL, NULL, 'xkX7M98d4u', '2022-08-31 13:40:11', '2022-08-31 13:40:11', 1),
	(52, 'April Ruecker', 'gibson.novella@example.org', '2022-08-31 13:40:33', '$2y$10$92IXUNpkjO0rOQ5byMi.Ye4oKoEa3Ro9llC/.og/at2.uheWG/igi', NULL, NULL, NULL, 'FKfeMitHHX', '2022-08-31 13:40:33', '2022-08-31 13:40:33', 1),
	(53, 'Isaac Torp', 'ywhite@example.net', '2022-08-31 13:40:33', '$2y$10$92IXUNpkjO0rOQ5byMi.Ye4oKoEa3Ro9llC/.og/at2.uheWG/igi', NULL, NULL, NULL, 'S6K7bDtjEP', '2022-08-31 13:40:33', '2022-08-31 13:40:33', 1),
	(54, 'Arvilla Funk', 'lucas.kub@example.com', '2022-08-31 13:40:33', '$2y$10$92IXUNpkjO0rOQ5byMi.Ye4oKoEa3Ro9llC/.og/at2.uheWG/igi', NULL, NULL, NULL, 'zPD0kZRCaE', '2022-08-31 13:40:33', '2022-08-31 13:40:33', 1),
	(55, 'Dora Rice', 'becker.casandra@example.com', '2022-08-31 13:40:33', '$2y$10$92IXUNpkjO0rOQ5byMi.Ye4oKoEa3Ro9llC/.og/at2.uheWG/igi', NULL, NULL, NULL, 'FSo1jMFW6h', '2022-08-31 13:40:33', '2022-08-31 13:40:33', 1),
	(56, 'Riley Kuphal DVM', 'kziemann@example.net', '2022-08-31 13:40:33', '$2y$10$92IXUNpkjO0rOQ5byMi.Ye4oKoEa3Ro9llC/.og/at2.uheWG/igi', NULL, NULL, NULL, 'VH8OOEcgNq', '2022-08-31 13:40:33', '2022-08-31 13:40:33', 1),
	(57, 'Annabel Bartoletti', 'kennith20@example.net', '2022-08-31 13:40:33', '$2y$10$92IXUNpkjO0rOQ5byMi.Ye4oKoEa3Ro9llC/.og/at2.uheWG/igi', NULL, NULL, NULL, '1WUtfg7Ynj', '2022-08-31 13:40:33', '2022-08-31 13:40:33', 1),
	(58, 'Jillian Miller MD', 'heller.sigrid@example.com', '2022-08-31 13:40:33', '$2y$10$92IXUNpkjO0rOQ5byMi.Ye4oKoEa3Ro9llC/.og/at2.uheWG/igi', NULL, NULL, NULL, '9JAjfbUOM8', '2022-08-31 13:40:33', '2022-08-31 13:40:33', 1),
	(59, 'Prof. Lamont Kub', 'myrna.yost@example.net', '2022-08-31 13:40:33', '$2y$10$92IXUNpkjO0rOQ5byMi.Ye4oKoEa3Ro9llC/.og/at2.uheWG/igi', NULL, NULL, NULL, 'NDzzi6tGcD', '2022-08-31 13:40:33', '2022-08-31 13:40:33', 1);
/*!40000 ALTER TABLE `users` ENABLE KEYS */;

/*!40101 SET SQL_MODE=IFNULL(@OLD_SQL_MODE, '') */;
/*!40014 SET FOREIGN_KEY_CHECKS=IFNULL(@OLD_FOREIGN_KEY_CHECKS, 1) */;
/*!40101 SET CHARACTER_SET_CLIENT=@OLD_CHARACTER_SET_CLIENT */;
/*!40111 SET SQL_NOTES=IFNULL(@OLD_SQL_NOTES, 1) */;
