-- --------------------------------------------------------
-- Hôte:                         127.0.0.1
-- Version du serveur:           5.7.33 - MySQL Community Server (GPL)
-- SE du serveur:                Win64
-- HeidiSQL Version:             11.2.0.6213
-- --------------------------------------------------------

/*!40101 SET @OLD_CHARACTER_SET_CLIENT=@@CHARACTER_SET_CLIENT */;
/*!40101 SET NAMES utf8 */;
/*!50503 SET NAMES utf8mb4 */;
/*!40014 SET @OLD_FOREIGN_KEY_CHECKS=@@FOREIGN_KEY_CHECKS, FOREIGN_KEY_CHECKS=0 */;
/*!40101 SET @OLD_SQL_MODE=@@SQL_MODE, SQL_MODE='NO_AUTO_VALUE_ON_ZERO' */;
/*!40111 SET @OLD_SQL_NOTES=@@SQL_NOTES, SQL_NOTES=0 */;

-- Listage des données de la table barbofus.builds : ~37 rows (environ)
/*!40000 ALTER TABLE `builds` DISABLE KEYS */;
INSERT INTO `builds` (`id`, `image_path`, `build_link`, `race_id`, `title`, `ap_nbr`, `mp_nbr`, `user_id`, `created_at`, `updated_at`) VALUES
	(14, 'images/builds/MNzbHGFJPB5DB1ipVIuNDFl34I86l5N3YaryanjQ.webp', 'https://dofusroom.com/b-303022', 17, 'PVP Hupper Air DoCri', 12, 6, 5, '2022-08-08 21:31:09', '2022-08-08 21:31:09'),
	(17, 'images/builds/MNzbHGFJPB5DB1ipVIuNDFl34I86l5N3YaryanjQ.webp', 'https://dofusroom.com/b-303022', 16, 'PVP Elio Eau', 12, 5, 5, '2022-08-08 21:31:09', '2022-08-08 21:31:09'),
	(50, 'images/builds/MNzbHGFJPB5DB1ipVIuNDFl34I86l5N3YaryanjQ.webp', 'voluptates', 18, 'PVM Ouginak', 11, 6, 5, '2022-08-31 21:00:21', '2022-08-31 21:00:21'),
	(51, 'images/builds/MNzbHGFJPB5DB1ipVIuNDFl34I86l5N3YaryanjQ.webp', 'et', 9, 'PVM Enutrof', 11, 6, 5, '2022-08-31 21:00:21', '2022-08-31 21:00:21'),
	(52, 'images/builds/MNzbHGFJPB5DB1ipVIuNDFl34I86l5N3YaryanjQ.webp', 'laudantium', 16, 'PVM Eliotrope', 12, 6, 5, '2022-08-31 21:00:21', '2022-08-31 21:00:21'),
	(53, 'images/builds/MNzbHGFJPB5DB1ipVIuNDFl34I86l5N3YaryanjQ.webp', 'quibusdam', 5, 'PVP Féca', 12, 6, 5, '2022-08-31 21:00:21', '2022-08-31 21:00:21'),
	(54, 'images/builds/MNzbHGFJPB5DB1ipVIuNDFl34I86l5N3YaryanjQ.webp', 'omnis', 17, 'PVM Huppermage', 11, 6, 5, '2022-08-31 21:00:21', '2022-08-31 21:00:21'),
	(55, 'images/builds/MNzbHGFJPB5DB1ipVIuNDFl34I86l5N3YaryanjQ.webp', 'cum', 6, 'PVP Sacrieur', 11, 6, 5, '2022-08-31 21:00:21', '2022-08-31 21:00:21'),
	(57, 'images/builds/MNzbHGFJPB5DB1ipVIuNDFl34I86l5N3YaryanjQ.webp', 'cum', 15, 'PVP Steamer', 12, 6, 5, '2022-08-31 21:00:21', '2022-08-31 21:00:21'),
	(58, 'images/builds/MNzbHGFJPB5DB1ipVIuNDFl34I86l5N3YaryanjQ.webp', 'soluta', 6, 'PVP Sacrieur', 12, 6, 5, '2022-08-31 21:00:21', '2022-08-31 21:00:21'),
	(59, 'images/builds/MNzbHGFJPB5DB1ipVIuNDFl34I86l5N3YaryanjQ.webp', 'consectetur', 18, 'PVP Ouginak', 12, 6, 5, '2022-08-31 21:00:21', '2022-08-31 21:00:21'),
	(60, 'images/builds/MNzbHGFJPB5DB1ipVIuNDFl34I86l5N3YaryanjQ.webp', 'porro', 7, 'PVM Sadida', 12, 6, 5, '2022-08-31 21:00:21', '2022-08-31 21:00:21'),
	(61, 'images/builds/MNzbHGFJPB5DB1ipVIuNDFl34I86l5N3YaryanjQ.webp', 'quaerat', 2, 'PVP Eniripsa', 12, 6, 5, '2022-08-31 21:00:21', '2022-08-31 21:00:21'),
	(63, 'images/builds/MNzbHGFJPB5DB1ipVIuNDFl34I86l5N3YaryanjQ.webp', 'eveniet', 15, 'PVP Steamer', 11, 6, 5, '2022-08-31 21:00:21', '2022-08-31 21:00:21'),
	(64, 'images/builds/MNzbHGFJPB5DB1ipVIuNDFl34I86l5N3YaryanjQ.webp', 'rerum', 3, 'PVP Iop', 12, 6, 5, '2022-08-31 21:00:21', '2022-08-31 21:00:21'),
	(65, 'images/builds/MNzbHGFJPB5DB1ipVIuNDFl34I86l5N3YaryanjQ.webp', 'maiores', 4, 'PVP Crâ', 12, 6, 5, '2022-08-31 21:00:21', '2022-08-31 21:00:21'),
	(66, 'images/builds/MNzbHGFJPB5DB1ipVIuNDFl34I86l5N3YaryanjQ.webp', 'molestiae', 6, 'PVP Sacrieur', 12, 6, 5, '2022-08-31 21:00:21', '2022-08-31 21:00:21'),
	(67, 'images/builds/MNzbHGFJPB5DB1ipVIuNDFl34I86l5N3YaryanjQ.webp', 'sint', 11, 'PVP Xélor', 11, 6, 5, '2022-08-31 21:00:21', '2022-08-31 21:00:21'),
	(68, 'images/builds/MNzbHGFJPB5DB1ipVIuNDFl34I86l5N3YaryanjQ.webp', 'at', 10, 'PVM Sram', 12, 6, 5, '2022-08-31 21:00:21', '2022-08-31 21:00:21'),
	(69, 'images/builds/MNzbHGFJPB5DB1ipVIuNDFl34I86l5N3YaryanjQ.webp', 'deserunt', 5, 'PVM Féca', 12, 6, 5, '2022-08-31 21:00:21', '2022-08-31 21:00:21'),
	(70, 'images/builds/MNzbHGFJPB5DB1ipVIuNDFl34I86l5N3YaryanjQ.webp', 'quo', 4, 'PVP Crâ', 12, 6, 5, '2022-08-31 21:00:21', '2022-08-31 21:00:21'),
	(71, 'images/builds/MNzbHGFJPB5DB1ipVIuNDFl34I86l5N3YaryanjQ.webp', 'dignissimos', 18, 'PVM Ouginak', 11, 6, 5, '2022-08-31 21:00:21', '2022-08-31 21:00:21'),
	(72, 'images/builds/MNzbHGFJPB5DB1ipVIuNDFl34I86l5N3YaryanjQ.webp', 'aut', 5, 'PVM Féca', 12, 6, 5, '2022-08-31 21:00:21', '2022-08-31 21:00:21'),
	(73, 'images/builds/MNzbHGFJPB5DB1ipVIuNDFl34I86l5N3YaryanjQ.webp', 'et', 14, 'PVP Zobal', 12, 6, 5, '2022-08-31 21:00:21', '2022-08-31 21:00:21'),
	(74, 'images/builds/MNzbHGFJPB5DB1ipVIuNDFl34I86l5N3YaryanjQ.webp', 'corrupti', 18, 'PVP Ouginak', 11, 6, 5, '2022-08-31 21:00:21', '2022-08-31 21:00:21'),
	(75, 'images/builds/MNzbHGFJPB5DB1ipVIuNDFl34I86l5N3YaryanjQ.webp', 'aut', 4, 'PVM Crâ', 11, 6, 5, '2022-08-31 21:00:21', '2022-08-31 21:00:21'),
	(76, 'images/builds/MNzbHGFJPB5DB1ipVIuNDFl34I86l5N3YaryanjQ.webp', 'nesciunt', 3, 'PVP Iop', 11, 6, 5, '2022-08-31 21:00:21', '2022-08-31 21:00:21'),
	(77, 'images/builds/MNzbHGFJPB5DB1ipVIuNDFl34I86l5N3YaryanjQ.webp', 'doloribus', 15, 'PVP Steamer', 11, 6, 5, '2022-08-31 21:00:21', '2022-08-31 21:00:21'),
	(78, 'images/builds/MNzbHGFJPB5DB1ipVIuNDFl34I86l5N3YaryanjQ.webp', 'alias', 13, 'PVM Roublard', 12, 6, 5, '2022-08-31 21:00:21', '2022-08-31 21:00:21'),
	(79, 'images/builds/MNzbHGFJPB5DB1ipVIuNDFl34I86l5N3YaryanjQ.webp', 'hic', 1, 'PVM Ecaflip', 11, 6, 5, '2022-08-31 21:00:21', '2022-08-31 21:00:21'),
	(80, 'images/builds/MNzbHGFJPB5DB1ipVIuNDFl34I86l5N3YaryanjQ.webp', 'omnis', 4, 'PVP Crâ', 12, 6, 5, '2022-08-31 21:00:21', '2022-08-31 21:00:21'),
	(81, 'images/builds/MNzbHGFJPB5DB1ipVIuNDFl34I86l5N3YaryanjQ.webp', 'enim', 9, 'PVM Enutrof', 12, 6, 5, '2022-08-31 21:00:21', '2022-08-31 21:00:21'),
	(82, 'images/builds/MNzbHGFJPB5DB1ipVIuNDFl34I86l5N3YaryanjQ.webp', 'dolores', 9, 'PVP Enutrof', 12, 6, 5, '2022-08-31 21:00:21', '2022-08-31 21:00:21'),
	(83, 'images/builds/MNzbHGFJPB5DB1ipVIuNDFl34I86l5N3YaryanjQ.webp', 'vel', 12, 'PVM Pandawa', 11, 6, 5, '2022-08-31 21:00:21', '2022-08-31 21:00:21'),
	(84, 'images/builds/MNzbHGFJPB5DB1ipVIuNDFl34I86l5N3YaryanjQ.webp', 'facilis', 5, 'PVP Féca', 11, 6, 5, '2022-08-31 21:00:21', '2022-08-31 21:00:21');
/*!40000 ALTER TABLE `builds` ENABLE KEYS */;

-- Listage des données de la table barbofus.build_element : ~136 rows (environ)
/*!40000 ALTER TABLE `build_element` DISABLE KEYS */;
INSERT INTO `build_element` (`id`, `build_id`, `element_id`, `created_at`, `updated_at`) VALUES
	(7, 14, 1, NULL, NULL),
	(8, 14, 5, NULL, NULL),
	(9, 17, 3, NULL, NULL),
	(110, 50, 5, NULL, NULL),
	(111, 51, 1, NULL, NULL),
	(112, 51, 2, NULL, NULL),
	(113, 51, 3, NULL, NULL),
	(114, 51, 4, NULL, NULL),
	(115, 51, 5, NULL, NULL),
	(116, 51, 6, NULL, NULL),
	(117, 52, 3, NULL, NULL),
	(118, 52, 6, NULL, NULL),
	(119, 53, 2, NULL, NULL),
	(120, 53, 3, NULL, NULL),
	(121, 53, 5, NULL, NULL),
	(122, 54, 4, NULL, NULL),
	(123, 54, 6, NULL, NULL),
	(124, 55, 2, NULL, NULL),
	(125, 55, 4, NULL, NULL),
	(126, 55, 5, NULL, NULL),
	(131, 57, 1, NULL, NULL),
	(132, 57, 2, NULL, NULL),
	(133, 57, 3, NULL, NULL),
	(134, 58, 1, NULL, NULL),
	(135, 58, 2, NULL, NULL),
	(136, 58, 3, NULL, NULL),
	(137, 58, 4, NULL, NULL),
	(138, 58, 5, NULL, NULL),
	(139, 58, 6, NULL, NULL),
	(140, 59, 1, NULL, NULL),
	(141, 59, 5, NULL, NULL),
	(142, 60, 2, NULL, NULL),
	(143, 60, 6, NULL, NULL),
	(144, 61, 1, NULL, NULL),
	(145, 61, 4, NULL, NULL),
	(152, 63, 1, NULL, NULL),
	(153, 63, 3, NULL, NULL),
	(154, 63, 4, NULL, NULL),
	(155, 63, 5, NULL, NULL),
	(156, 63, 6, NULL, NULL),
	(157, 64, 1, NULL, NULL),
	(158, 64, 2, NULL, NULL),
	(159, 64, 3, NULL, NULL),
	(160, 64, 4, NULL, NULL),
	(161, 64, 5, NULL, NULL),
	(162, 65, 2, NULL, NULL),
	(163, 65, 4, NULL, NULL),
	(164, 65, 5, NULL, NULL),
	(165, 65, 6, NULL, NULL),
	(166, 66, 2, NULL, NULL),
	(167, 66, 3, NULL, NULL),
	(168, 66, 4, NULL, NULL),
	(169, 66, 5, NULL, NULL),
	(170, 66, 6, NULL, NULL),
	(171, 67, 1, NULL, NULL),
	(172, 67, 2, NULL, NULL),
	(173, 67, 3, NULL, NULL),
	(174, 67, 4, NULL, NULL),
	(175, 67, 5, NULL, NULL),
	(176, 68, 1, NULL, NULL),
	(177, 68, 5, NULL, NULL),
	(178, 69, 1, NULL, NULL),
	(179, 69, 2, NULL, NULL),
	(180, 69, 3, NULL, NULL),
	(181, 69, 4, NULL, NULL),
	(182, 69, 5, NULL, NULL),
	(183, 69, 6, NULL, NULL),
	(184, 70, 1, NULL, NULL),
	(185, 70, 2, NULL, NULL),
	(186, 70, 3, NULL, NULL),
	(187, 70, 4, NULL, NULL),
	(188, 70, 5, NULL, NULL),
	(189, 70, 6, NULL, NULL),
	(190, 71, 2, NULL, NULL),
	(191, 71, 3, NULL, NULL),
	(192, 71, 4, NULL, NULL),
	(193, 71, 5, NULL, NULL),
	(194, 71, 6, NULL, NULL),
	(195, 72, 1, NULL, NULL),
	(196, 72, 2, NULL, NULL),
	(197, 72, 3, NULL, NULL),
	(198, 72, 4, NULL, NULL),
	(199, 72, 5, NULL, NULL),
	(200, 73, 1, NULL, NULL),
	(201, 73, 2, NULL, NULL),
	(202, 73, 3, NULL, NULL),
	(203, 73, 4, NULL, NULL),
	(204, 73, 5, NULL, NULL),
	(205, 73, 6, NULL, NULL),
	(206, 74, 1, NULL, NULL),
	(207, 74, 2, NULL, NULL),
	(208, 74, 3, NULL, NULL),
	(209, 74, 4, NULL, NULL),
	(210, 74, 5, NULL, NULL),
	(211, 74, 6, NULL, NULL),
	(212, 75, 1, NULL, NULL),
	(213, 75, 2, NULL, NULL),
	(214, 75, 3, NULL, NULL),
	(215, 75, 4, NULL, NULL),
	(216, 75, 5, NULL, NULL),
	(217, 75, 6, NULL, NULL),
	(218, 76, 4, NULL, NULL),
	(219, 76, 5, NULL, NULL),
	(220, 76, 6, NULL, NULL),
	(221, 77, 1, NULL, NULL),
	(222, 77, 2, NULL, NULL),
	(223, 77, 3, NULL, NULL),
	(224, 77, 4, NULL, NULL),
	(225, 77, 5, NULL, NULL),
	(226, 77, 6, NULL, NULL),
	(227, 78, 6, NULL, NULL),
	(228, 79, 3, NULL, NULL),
	(229, 79, 4, NULL, NULL),
	(230, 79, 5, NULL, NULL),
	(231, 79, 6, NULL, NULL),
	(232, 80, 2, NULL, NULL),
	(233, 80, 5, NULL, NULL),
	(234, 80, 6, NULL, NULL),
	(235, 81, 1, NULL, NULL),
	(236, 81, 3, NULL, NULL),
	(237, 81, 6, NULL, NULL),
	(238, 82, 1, NULL, NULL),
	(239, 82, 5, NULL, NULL),
	(240, 82, 6, NULL, NULL),
	(241, 83, 4, NULL, NULL),
	(242, 84, 4, NULL, NULL);
/*!40000 ALTER TABLE `build_element` ENABLE KEYS */;

-- Listage des données de la table barbofus.elements : ~6 rows (environ)
/*!40000 ALTER TABLE `elements` DISABLE KEYS */;
INSERT INTO `elements` (`id`, `name`, `icon_path`, `created_at`, `updated_at`, `is_elemental`) VALUES
	(1, 'air', 'icon_air.png', NULL, NULL, 1),
	(2, 'terre', 'icon_terre.png', NULL, NULL, 1),
	(3, 'eau', 'icon_eau.png', NULL, NULL, 1),
	(4, 'feu', 'icon_feu.png', NULL, NULL, 1),
	(5, 'docri', 'icon_docri.png', NULL, NULL, 0),
	(6, 'dopou', 'icon_dopou.png', NULL, NULL, 0);
/*!40000 ALTER TABLE `elements` ENABLE KEYS */;

-- Listage des données de la table barbofus.failed_jobs : ~0 rows (environ)
/*!40000 ALTER TABLE `failed_jobs` DISABLE KEYS */;
/*!40000 ALTER TABLE `failed_jobs` ENABLE KEYS */;

-- Listage des données de la table barbofus.migrations : ~11 rows (environ)
/*!40000 ALTER TABLE `migrations` DISABLE KEYS */;
INSERT INTO `migrations` (`id`, `migration`, `batch`) VALUES
	(1, '2014_10_12_000000_create_users_table', 1),
	(2, '2014_10_12_100000_create_password_resets_table', 1),
	(3, '2019_08_19_000000_create_failed_jobs_table', 1),
	(4, '2019_12_14_000001_create_personal_access_tokens_table', 1),
	(5, '2013_07_30_124741_create_roles_table', 2),
	(6, '2014_10_12_200000_add_two_factor_columns_to_users_table', 2),
	(7, '2022_07_30_125618_add_role_id_column_to_users_table', 3),
	(8, '2022_07_30_180992_create_races_table', 4),
	(9, '2022_07_30_181423_create_builds_table', 4),
	(10, '2022_07_30_181536_create_elements_table', 4),
	(11, '2022_07_30_183243_create_pivot_table_build_element', 5),
	(12, '2022_08_09_165150_add_is_elemental_column_to_elements_table', 6),
	(13, '2022_08_11_211018_set_name_to_unique_on_users_table', 7);
/*!40000 ALTER TABLE `migrations` ENABLE KEYS */;

-- Listage des données de la table barbofus.password_resets : ~0 rows (environ)
/*!40000 ALTER TABLE `password_resets` DISABLE KEYS */;
/*!40000 ALTER TABLE `password_resets` ENABLE KEYS */;

-- Listage des données de la table barbofus.personal_access_tokens : ~0 rows (environ)
/*!40000 ALTER TABLE `personal_access_tokens` DISABLE KEYS */;
/*!40000 ALTER TABLE `personal_access_tokens` ENABLE KEYS */;

-- Listage des données de la table barbofus.races : ~18 rows (environ)
/*!40000 ALTER TABLE `races` DISABLE KEYS */;
INSERT INTO `races` (`id`, `name`, `icon_path`, `banner_path`, `created_at`, `updated_at`) VALUES
	(1, 'Ecaflip', 'logo-ecaflip.png', 'banner_ecaflip.jpg', NULL, NULL),
	(2, 'Eniripsa', 'logo-eniripsa.png', 'banner_eniripsa.jpg', NULL, NULL),
	(3, 'Iop', 'logo-iop.png', 'banner_iop.jpg', NULL, NULL),
	(4, 'Crâ', 'logo-cra.png', 'banner_cra.jpg', NULL, NULL),
	(5, 'Féca', 'logo-feca.png', 'banner_feca.jpg', NULL, NULL),
	(6, 'Sacrieur', 'logo-sacrieur.png', 'banner_sacrieur.jpg', NULL, NULL),
	(7, 'Sadida', 'logo-sadida.png', 'banner_sadida.jpg', NULL, NULL),
	(8, 'Osamodas', 'logo-osamodas.png', 'banner_osamodas.jpg', NULL, NULL),
	(9, 'Enutrof', 'logo-enutrof.png', 'banner_enutrof.jpg', NULL, NULL),
	(10, 'Sram', 'logo-sram.png', 'banner_sram.jpg', NULL, NULL),
	(11, 'Xélor', 'logo-xelor.png', 'banner_xelor.jpg', NULL, NULL),
	(12, 'Pandawa', 'logo-pandawa.png', 'banner_pandawa.jpg', NULL, NULL),
	(13, 'Roublard', 'logo-roublard.png', 'banner_roublard.jpg', NULL, NULL),
	(14, 'Zobal', 'logo-zobal.png', 'banner_zobal.jpg', NULL, NULL),
	(15, 'Steamer', 'logo-steamer.png', 'banner_steamer.jpg', NULL, NULL),
	(16, 'Eliotrope', 'logo-eliotrope.png', 'banner_eliotrope.jpg', NULL, NULL),
	(17, 'Huppermage', 'logo-huppermage.png', 'banner_huppermage.jpg', NULL, NULL),
	(18, 'Ouginak', 'logo-ouginak.png', 'banner_ouginak.jpg', NULL, NULL);
/*!40000 ALTER TABLE `races` ENABLE KEYS */;

-- Listage des données de la table barbofus.roles : ~2 rows (environ)
/*!40000 ALTER TABLE `roles` DISABLE KEYS */;
INSERT INTO `roles` (`id`, `name`, `created_at`, `updated_at`) VALUES
	(1, 'Utilisateur', NULL, NULL),
	(2, 'Admin', NULL, NULL),
	(3, 'Modérateur', NULL, NULL);
/*!40000 ALTER TABLE `roles` ENABLE KEYS */;

-- Listage des données de la table barbofus.users : ~53 rows (environ)
/*!40000 ALTER TABLE `users` DISABLE KEYS */;
INSERT INTO `users` (`id`, `name`, `email`, `email_verified_at`, `password`, `two_factor_secret`, `two_factor_recovery_codes`, `two_factor_confirmed_at`, `remember_token`, `created_at`, `updated_at`, `role_id`) VALUES
	(5, 'admin', 'admin@gmail.com', NULL, '$2y$10$BN8PMdrR/7A.R7ycmQyUfe8QA69Q2mN860GD5xXQGAD3bXW80N47O', NULL, NULL, NULL, NULL, '2022-07-30 17:06:50', '2022-08-13 23:17:20', 2),
	(8, 'modo', 'modo@gmail.com', NULL, '$2y$10$j8s1C1jGq8IgPkByRmX5OOznls5KDAFMZVVSM5o0IB2IuvppROv8i', NULL, NULL, NULL, NULL, '2022-08-07 16:36:36', '2022-08-31 13:14:00', 3),
	(9, 'user', 'user@gmail.com', NULL, '$2y$10$kf185ZQoy9uTkn8p/giWA.xZFAnDkmsJ54sFl.emLr2yd0PTpnkea', NULL, NULL, NULL, NULL, '2022-08-07 18:08:13', '2022-08-31 13:14:01', 1),
	(10, 'Anderson Hessel', 'jaylen73@example.org', '2022-08-31 13:36:05', '$2y$10$92IXUNpkjO0rOQ5byMi.Ye4oKoEa3Ro9llC/.og/at2.uheWG/igi', NULL, NULL, NULL, 'XtiiUVyy5H', '2022-08-31 13:36:05', '2022-08-31 13:36:05', 1),
	(11, 'Dr. Brooklyn Boehm', 'pmertz@example.com', '2022-08-31 13:36:05', '$2y$10$92IXUNpkjO0rOQ5byMi.Ye4oKoEa3Ro9llC/.og/at2.uheWG/igi', NULL, NULL, NULL, 'qlfQbfdMwT', '2022-08-31 13:36:05', '2022-08-31 13:36:05', 1),
	(12, 'Thalia Kihn', 'pkuvalis@example.com', '2022-08-31 13:36:05', '$2y$10$92IXUNpkjO0rOQ5byMi.Ye4oKoEa3Ro9llC/.og/at2.uheWG/igi', NULL, NULL, NULL, 'ZI4DRCNbVP', '2022-08-31 13:36:05', '2022-08-31 13:36:05', 1),
	(13, 'Berry Goodwin MD', 'bert.bahringer@example.com', '2022-08-31 13:36:05', '$2y$10$92IXUNpkjO0rOQ5byMi.Ye4oKoEa3Ro9llC/.og/at2.uheWG/igi', NULL, NULL, NULL, 'NEhkNMQcVX', '2022-08-31 13:36:05', '2022-08-31 13:36:05', 1),
	(14, 'Jensen Murray', 'damore.hellen@example.org', '2022-08-31 13:36:05', '$2y$10$92IXUNpkjO0rOQ5byMi.Ye4oKoEa3Ro9llC/.og/at2.uheWG/igi', NULL, NULL, NULL, 'UTU6cihW6I', '2022-08-31 13:36:05', '2022-08-31 13:36:05', 1),
	(15, 'Prof. Maxime Borer PhD', 'romaguera.jared@example.net', '2022-08-31 13:36:05', '$2y$10$92IXUNpkjO0rOQ5byMi.Ye4oKoEa3Ro9llC/.og/at2.uheWG/igi', NULL, NULL, NULL, 'MHroZitga7', '2022-08-31 13:36:05', '2022-08-31 13:36:05', 1),
	(16, 'Madaline Schmitt', 'beatrice48@example.com', '2022-08-31 13:36:05', '$2y$10$92IXUNpkjO0rOQ5byMi.Ye4oKoEa3Ro9llC/.og/at2.uheWG/igi', NULL, NULL, NULL, 'EC2CB17g5Z', '2022-08-31 13:36:05', '2022-08-31 13:36:05', 1),
	(17, 'Bradley Frami', 'hilbert61@example.org', '2022-08-31 13:36:05', '$2y$10$92IXUNpkjO0rOQ5byMi.Ye4oKoEa3Ro9llC/.og/at2.uheWG/igi', NULL, NULL, NULL, 'M91yVMWHr8', '2022-08-31 13:36:05', '2022-08-31 13:36:05', 1),
	(18, 'Ms. Annetta Bode', 'zpredovic@example.net', '2022-08-31 13:36:05', '$2y$10$92IXUNpkjO0rOQ5byMi.Ye4oKoEa3Ro9llC/.og/at2.uheWG/igi', NULL, NULL, NULL, 'LDyY8iYw2J', '2022-08-31 13:36:05', '2022-08-31 13:36:05', 1),
	(19, 'Prof. Reid DuBuque III', 'jaylan31@example.com', '2022-08-31 13:36:05', '$2y$10$92IXUNpkjO0rOQ5byMi.Ye4oKoEa3Ro9llC/.og/at2.uheWG/igi', NULL, NULL, NULL, 'aENR0hb0Tz', '2022-08-31 13:36:05', '2022-08-31 13:36:05', 1),
	(20, 'Emmy Fay IV', 'lbartell@example.org', '2022-08-31 13:36:49', '$2y$10$92IXUNpkjO0rOQ5byMi.Ye4oKoEa3Ro9llC/.og/at2.uheWG/igi', NULL, NULL, NULL, 'O0S2MGhXG6', '2022-08-31 13:36:49', '2022-08-31 13:36:49', 1),
	(21, 'Kobe Swaniawski', 'marlin.hamill@example.com', '2022-08-31 13:36:49', '$2y$10$92IXUNpkjO0rOQ5byMi.Ye4oKoEa3Ro9llC/.og/at2.uheWG/igi', NULL, NULL, NULL, 'Kyf7anzPls', '2022-08-31 13:36:49', '2022-08-31 13:36:49', 1),
	(22, 'Ms. Adrienne Goyette DVM', 'khowe@example.org', '2022-08-31 13:36:49', '$2y$10$92IXUNpkjO0rOQ5byMi.Ye4oKoEa3Ro9llC/.og/at2.uheWG/igi', NULL, NULL, NULL, 'tEz3OgsChf', '2022-08-31 13:36:49', '2022-08-31 13:36:49', 1),
	(23, 'Kane Berge IV', 'zkreiger@example.com', '2022-08-31 13:36:49', '$2y$10$92IXUNpkjO0rOQ5byMi.Ye4oKoEa3Ro9llC/.og/at2.uheWG/igi', NULL, NULL, NULL, 'HddjrGH69G', '2022-08-31 13:36:49', '2022-08-31 13:36:49', 1),
	(24, 'Willa Brekke', 'volkman.michaela@example.org', '2022-08-31 13:36:49', '$2y$10$92IXUNpkjO0rOQ5byMi.Ye4oKoEa3Ro9llC/.og/at2.uheWG/igi', NULL, NULL, NULL, 'LypxJhUKKr', '2022-08-31 13:36:49', '2022-08-31 13:36:49', 1),
	(25, 'Mrs. Jacynthe Muller', 'adela66@example.net', '2022-08-31 13:36:49', '$2y$10$92IXUNpkjO0rOQ5byMi.Ye4oKoEa3Ro9llC/.og/at2.uheWG/igi', NULL, NULL, NULL, 'pvZQ5jxlmr', '2022-08-31 13:36:49', '2022-08-31 13:36:49', 1),
	(26, 'Dr. Carmelo Bauch II', 'hlynch@example.org', '2022-08-31 13:36:49', '$2y$10$92IXUNpkjO0rOQ5byMi.Ye4oKoEa3Ro9llC/.og/at2.uheWG/igi', NULL, NULL, NULL, 'xMzu3GjGqf', '2022-08-31 13:36:49', '2022-08-31 13:36:49', 1),
	(27, 'Micah Hessel', 'ofelia17@example.net', '2022-08-31 13:36:49', '$2y$10$92IXUNpkjO0rOQ5byMi.Ye4oKoEa3Ro9llC/.og/at2.uheWG/igi', NULL, NULL, NULL, 'GKpfYrBxeY', '2022-08-31 13:36:49', '2022-08-31 13:36:49', 1),
	(28, 'Alvis Crona', 'blangworth@example.org', '2022-08-31 13:36:49', '$2y$10$92IXUNpkjO0rOQ5byMi.Ye4oKoEa3Ro9llC/.og/at2.uheWG/igi', NULL, NULL, NULL, '2TNal6Jujk', '2022-08-31 13:36:49', '2022-08-31 13:36:49', 1),
	(29, 'Malvina Volkman', 'merlin.crooks@example.net', '2022-08-31 13:36:49', '$2y$10$92IXUNpkjO0rOQ5byMi.Ye4oKoEa3Ro9llC/.og/at2.uheWG/igi', NULL, NULL, NULL, 'AM1uc94fqv', '2022-08-31 13:36:49', '2022-08-31 13:36:49', 1),
	(30, 'Mr. Rudolph Crist IV', 'brenna.mckenzie@example.com', '2022-08-31 13:38:36', '$2y$10$92IXUNpkjO0rOQ5byMi.Ye4oKoEa3Ro9llC/.og/at2.uheWG/igi', NULL, NULL, NULL, '544enJPAoM', '2022-08-31 13:38:36', '2022-08-31 13:38:36', 1),
	(31, 'Prof. Lauretta Fadel III', 'hand.zion@example.net', '2022-08-31 13:38:36', '$2y$10$92IXUNpkjO0rOQ5byMi.Ye4oKoEa3Ro9llC/.og/at2.uheWG/igi', NULL, NULL, NULL, 'gnDbl1hyrQ', '2022-08-31 13:38:36', '2022-08-31 13:38:36', 1),
	(32, 'Wilmer Marvin', 'lorena.champlin@example.net', '2022-08-31 13:38:36', '$2y$10$92IXUNpkjO0rOQ5byMi.Ye4oKoEa3Ro9llC/.og/at2.uheWG/igi', NULL, NULL, NULL, 'PghG6WXtNZ', '2022-08-31 13:38:36', '2022-08-31 13:38:36', 1),
	(33, 'Cara Hessel', 'dlarkin@example.com', '2022-08-31 13:38:36', '$2y$10$92IXUNpkjO0rOQ5byMi.Ye4oKoEa3Ro9llC/.og/at2.uheWG/igi', NULL, NULL, NULL, 'RaxIuFzSBB', '2022-08-31 13:38:36', '2022-08-31 13:38:36', 1),
	(34, 'Lila Gusikowski II', 'gretchen11@example.net', '2022-08-31 13:38:36', '$2y$10$92IXUNpkjO0rOQ5byMi.Ye4oKoEa3Ro9llC/.og/at2.uheWG/igi', NULL, NULL, NULL, 'Tg4Lwj8z7X', '2022-08-31 13:38:36', '2022-08-31 13:38:36', 1),
	(35, 'Ms. Alene Predovic', 'mchristiansen@example.com', '2022-08-31 13:38:36', '$2y$10$92IXUNpkjO0rOQ5byMi.Ye4oKoEa3Ro9llC/.og/at2.uheWG/igi', NULL, NULL, NULL, 'dKKB75s9Hd', '2022-08-31 13:38:36', '2022-08-31 13:38:36', 1),
	(36, 'Miss Rosie Smith MD', 'anissa.buckridge@example.org', '2022-08-31 13:38:36', '$2y$10$92IXUNpkjO0rOQ5byMi.Ye4oKoEa3Ro9llC/.og/at2.uheWG/igi', NULL, NULL, NULL, 'QW9z6Twzxv', '2022-08-31 13:38:36', '2022-08-31 13:38:36', 1),
	(37, 'Axel Bode', 'rick15@example.org', '2022-08-31 13:38:36', '$2y$10$92IXUNpkjO0rOQ5byMi.Ye4oKoEa3Ro9llC/.og/at2.uheWG/igi', NULL, NULL, NULL, 'NCan9eWf9n', '2022-08-31 13:38:36', '2022-08-31 13:38:36', 1),
	(38, 'Brennan Willms', 'sfriesen@example.org', '2022-08-31 13:38:36', '$2y$10$92IXUNpkjO0rOQ5byMi.Ye4oKoEa3Ro9llC/.og/at2.uheWG/igi', NULL, NULL, NULL, 'HVsoFL8qTG', '2022-08-31 13:38:36', '2022-08-31 13:38:36', 1),
	(39, 'Carter Vandervort PhD', 'ardella.rath@example.com', '2022-08-31 13:38:36', '$2y$10$92IXUNpkjO0rOQ5byMi.Ye4oKoEa3Ro9llC/.og/at2.uheWG/igi', NULL, NULL, NULL, 'qBMTK9IuEo', '2022-08-31 13:38:36', '2022-08-31 13:38:36', 1),
	(40, 'Jessica Hilpert', 'xfarrell@example.com', '2022-08-31 13:40:11', '$2y$10$92IXUNpkjO0rOQ5byMi.Ye4oKoEa3Ro9llC/.og/at2.uheWG/igi', NULL, NULL, NULL, 'siDx89Fr5P', '2022-08-31 13:40:11', '2022-08-31 13:40:11', 1),
	(41, 'Rosario Durgan', 'trobel@example.org', '2022-08-31 13:40:11', '$2y$10$92IXUNpkjO0rOQ5byMi.Ye4oKoEa3Ro9llC/.og/at2.uheWG/igi', NULL, NULL, NULL, 'jI5qNemWAt', '2022-08-31 13:40:11', '2022-08-31 13:40:11', 1),
	(42, 'Naomi Schultz DDS', 'nicolas.remington@example.com', '2022-08-31 13:40:11', '$2y$10$92IXUNpkjO0rOQ5byMi.Ye4oKoEa3Ro9llC/.og/at2.uheWG/igi', NULL, NULL, NULL, '3X0GYWDZ8v', '2022-08-31 13:40:11', '2022-08-31 13:40:11', 1),
	(43, 'Joshua Torp', 'cyril.hartmann@example.net', '2022-08-31 13:40:11', '$2y$10$92IXUNpkjO0rOQ5byMi.Ye4oKoEa3Ro9llC/.og/at2.uheWG/igi', NULL, NULL, NULL, 'cSiGOiVTyW', '2022-08-31 13:40:11', '2022-08-31 13:40:11', 1),
	(44, 'Johann Rosenbaum', 'mathew46@example.com', '2022-08-31 13:40:11', '$2y$10$92IXUNpkjO0rOQ5byMi.Ye4oKoEa3Ro9llC/.og/at2.uheWG/igi', NULL, NULL, NULL, 'a9kzwv9puz', '2022-08-31 13:40:11', '2022-08-31 13:40:11', 1),
	(45, 'Hayden Blanda', 'obode@example.org', '2022-08-31 13:40:11', '$2y$10$92IXUNpkjO0rOQ5byMi.Ye4oKoEa3Ro9llC/.og/at2.uheWG/igi', NULL, NULL, NULL, 'VMYB2qJlkJ', '2022-08-31 13:40:11', '2022-08-31 13:40:11', 1),
	(46, 'Corrine Cremin', 'bashirian.lia@example.com', '2022-08-31 13:40:11', '$2y$10$92IXUNpkjO0rOQ5byMi.Ye4oKoEa3Ro9llC/.og/at2.uheWG/igi', NULL, NULL, NULL, '8FSup5B3pd', '2022-08-31 13:40:11', '2022-08-31 13:40:11', 1),
	(47, 'Gussie Sanford', 'thintz@example.org', '2022-08-31 13:40:11', '$2y$10$92IXUNpkjO0rOQ5byMi.Ye4oKoEa3Ro9llC/.og/at2.uheWG/igi', NULL, NULL, NULL, 'svdwGb7zsS', '2022-08-31 13:40:11', '2022-08-31 13:40:11', 1),
	(48, 'Mrs. Elfrieda Thiel', 'bstehr@example.com', '2022-08-31 13:40:11', '$2y$10$92IXUNpkjO0rOQ5byMi.Ye4oKoEa3Ro9llC/.og/at2.uheWG/igi', NULL, NULL, NULL, 'sKT91LmaXz', '2022-08-31 13:40:11', '2022-08-31 13:40:11', 1),
	(49, 'Dino Feeney DDS', 'rosanna20@example.com', '2022-08-31 13:40:11', '$2y$10$92IXUNpkjO0rOQ5byMi.Ye4oKoEa3Ro9llC/.og/at2.uheWG/igi', NULL, NULL, NULL, 'xkX7M98d4u', '2022-08-31 13:40:11', '2022-08-31 13:40:11', 1),
	(51, 'Araceli Lang', 'wbarrows@example.net', '2022-08-31 13:40:33', '$2y$10$92IXUNpkjO0rOQ5byMi.Ye4oKoEa3Ro9llC/.og/at2.uheWG/igi', NULL, NULL, NULL, 'B607Hve15h', '2022-08-31 13:40:33', '2022-08-31 13:40:33', 1),
	(52, 'April Ruecker', 'gibson.novella@example.org', '2022-08-31 13:40:33', '$2y$10$92IXUNpkjO0rOQ5byMi.Ye4oKoEa3Ro9llC/.og/at2.uheWG/igi', NULL, NULL, NULL, 'FKfeMitHHX', '2022-08-31 13:40:33', '2022-08-31 13:40:33', 1),
	(53, 'Isaac Torp', 'ywhite@example.net', '2022-08-31 13:40:33', '$2y$10$92IXUNpkjO0rOQ5byMi.Ye4oKoEa3Ro9llC/.og/at2.uheWG/igi', NULL, NULL, NULL, 'S6K7bDtjEP', '2022-08-31 13:40:33', '2022-08-31 13:40:33', 1),
	(54, 'Arvilla Funk', 'lucas.kub@example.com', '2022-08-31 13:40:33', '$2y$10$92IXUNpkjO0rOQ5byMi.Ye4oKoEa3Ro9llC/.og/at2.uheWG/igi', NULL, NULL, NULL, 'zPD0kZRCaE', '2022-08-31 13:40:33', '2022-08-31 13:40:33', 1),
	(55, 'Dora Rice', 'becker.casandra@example.com', '2022-08-31 13:40:33', '$2y$10$92IXUNpkjO0rOQ5byMi.Ye4oKoEa3Ro9llC/.og/at2.uheWG/igi', NULL, NULL, NULL, 'FSo1jMFW6h', '2022-08-31 13:40:33', '2022-08-31 13:40:33', 1),
	(56, 'Riley Kuphal DVM', 'kziemann@example.net', '2022-08-31 13:40:33', '$2y$10$92IXUNpkjO0rOQ5byMi.Ye4oKoEa3Ro9llC/.og/at2.uheWG/igi', NULL, NULL, NULL, 'VH8OOEcgNq', '2022-08-31 13:40:33', '2022-08-31 13:40:33', 1),
	(57, 'Annabel Bartoletti', 'kennith20@example.net', '2022-08-31 13:40:33', '$2y$10$92IXUNpkjO0rOQ5byMi.Ye4oKoEa3Ro9llC/.og/at2.uheWG/igi', NULL, NULL, NULL, '1WUtfg7Ynj', '2022-08-31 13:40:33', '2022-08-31 13:40:33', 1),
	(58, 'Jillian Miller MD', 'heller.sigrid@example.com', '2022-08-31 13:40:33', '$2y$10$92IXUNpkjO0rOQ5byMi.Ye4oKoEa3Ro9llC/.og/at2.uheWG/igi', NULL, NULL, NULL, '9JAjfbUOM8', '2022-08-31 13:40:33', '2022-08-31 13:40:33', 1),
	(59, 'Prof. Lamont Kub', 'myrna.yost@example.net', '2022-08-31 13:40:33', '$2y$10$92IXUNpkjO0rOQ5byMi.Ye4oKoEa3Ro9llC/.og/at2.uheWG/igi', NULL, NULL, NULL, 'NDzzi6tGcD', '2022-08-31 13:40:33', '2022-08-31 13:40:33', 1);
/*!40000 ALTER TABLE `users` ENABLE KEYS */;

/*!40101 SET SQL_MODE=IFNULL(@OLD_SQL_MODE, '') */;
/*!40014 SET FOREIGN_KEY_CHECKS=IFNULL(@OLD_FOREIGN_KEY_CHECKS, 1) */;
/*!40101 SET CHARACTER_SET_CLIENT=@OLD_CHARACTER_SET_CLIENT */;
/*!40111 SET SQL_NOTES=IFNULL(@OLD_SQL_NOTES, 1) */;
