-- --------------------------------------------------------
-- Hôte:                         127.0.0.1
-- Version du serveur:           5.7.33 - MySQL Community Server (GPL)
-- SE du serveur:                Win64
-- HeidiSQL Version:             11.2.0.6213
-- --------------------------------------------------------

/*!40101 SET @OLD_CHARACTER_SET_CLIENT=@@CHARACTER_SET_CLIENT */;
/*!40101 SET NAMES utf8 */;
/*!50503 SET NAMES utf8mb4 */;
/*!40014 SET @OLD_FOREIGN_KEY_CHECKS=@@FOREIGN_KEY_CHECKS, FOREIGN_KEY_CHECKS=0 */;
/*!40101 SET @OLD_SQL_MODE=@@SQL_MODE, SQL_MODE='NO_AUTO_VALUE_ON_ZERO' */;
/*!40111 SET @OLD_SQL_NOTES=@@SQL_NOTES, SQL_NOTES=0 */;

-- Listage des données de la table barbofus.builds : ~114 rows (environ)
/*!40000 ALTER TABLE `builds` DISABLE KEYS */;
INSERT INTO `builds` (`id`, `image_path`, `build_link`, `race_id`, `title`, `ap_nbr`, `mp_nbr`, `user_id`, `created_at`, `updated_at`, `is_pvp`) VALUES
	(226, 'images/builds/MNzbHGFJPB5DB1ipVIuNDFl34I86l5N3YaryanjQ.webp', 'https://dofusroom.com/b-303022', 8, 'PVP Osamodas', 11, 6, 5, '2022-12-28 19:59:36', '2022-12-28 19:59:36', 1),
	(227, 'images/builds/MNzbHGFJPB5DB1ipVIuNDFl34I86l5N3YaryanjQ.webp', 'https://dofusroom.com/b-303022', 17, 'PVP Huppermage', 12, 6, 5, '2022-12-28 19:59:36', '2022-12-28 19:59:36', 1),
	(228, 'images/builds/MNzbHGFJPB5DB1ipVIuNDFl34I86l5N3YaryanjQ.webp', 'https://dofusroom.com/b-303022', 13, 'PVM Roublard', 11, 6, 5, '2022-12-28 19:59:36', '2022-12-28 19:59:36', 0),
	(229, 'images/builds/MNzbHGFJPB5DB1ipVIuNDFl34I86l5N3YaryanjQ.webp', 'https://dofusroom.com/b-303022', 1, 'PVP Ecaflip', 12, 6, 5, '2022-12-28 19:59:36', '2022-12-28 19:59:36', 1),
	(230, 'images/builds/MNzbHGFJPB5DB1ipVIuNDFl34I86l5N3YaryanjQ.webp', 'https://dofusroom.com/b-303022', 5, 'PVM Féca', 12, 6, 5, '2022-12-28 19:59:36', '2022-12-28 19:59:36', 0),
	(231, 'images/builds/MNzbHGFJPB5DB1ipVIuNDFl34I86l5N3YaryanjQ.webp', 'https://dofusroom.com/b-303022', 15, 'PVP Steamer', 12, 6, 5, '2022-12-28 19:59:36', '2022-12-28 19:59:36', 1),
	(232, 'images/builds/MNzbHGFJPB5DB1ipVIuNDFl34I86l5N3YaryanjQ.webp', 'https://dofusroom.com/b-303022', 5, 'PVM Féca', 12, 6, 5, '2022-12-28 19:59:36', '2022-12-28 19:59:36', 0),
	(233, 'images/builds/MNzbHGFJPB5DB1ipVIuNDFl34I86l5N3YaryanjQ.webp', 'https://dofusroom.com/b-303022', 8, 'PVM Osamodas', 12, 6, 5, '2022-12-28 19:59:36', '2022-12-28 19:59:36', 0),
	(234, 'images/builds/MNzbHGFJPB5DB1ipVIuNDFl34I86l5N3YaryanjQ.webp', 'https://dofusroom.com/b-303022', 4, 'PVM Crâ', 12, 6, 5, '2022-12-28 19:59:36', '2022-12-28 19:59:36', 0),
	(235, 'images/builds/MNzbHGFJPB5DB1ipVIuNDFl34I86l5N3YaryanjQ.webp', 'https://dofusroom.com/b-303022', 1, 'PVM Ecaflip', 12, 6, 5, '2022-12-28 19:59:36', '2022-12-28 19:59:36', 0),
	(236, 'images/builds/MNzbHGFJPB5DB1ipVIuNDFl34I86l5N3YaryanjQ.webp', 'https://dofusroom.com/b-303022', 10, 'PVM Sram', 12, 6, 5, '2022-12-28 19:59:36', '2022-12-28 19:59:36', 0),
	(237, 'images/builds/MNzbHGFJPB5DB1ipVIuNDFl34I86l5N3YaryanjQ.webp', 'https://dofusroom.com/b-303022', 4, 'PVP Crâ', 11, 6, 5, '2022-12-28 19:59:36', '2022-12-28 19:59:36', 1),
	(238, 'images/builds/MNzbHGFJPB5DB1ipVIuNDFl34I86l5N3YaryanjQ.webp', 'https://dofusroom.com/b-303022', 8, 'PVP Osamodas', 11, 6, 5, '2022-12-28 19:59:36', '2022-12-28 19:59:36', 1),
	(239, 'images/builds/MNzbHGFJPB5DB1ipVIuNDFl34I86l5N3YaryanjQ.webp', 'https://dofusroom.com/b-303022', 4, 'PVM Crâ', 12, 6, 5, '2022-12-28 19:59:36', '2022-12-28 19:59:36', 0),
	(240, 'images/builds/MNzbHGFJPB5DB1ipVIuNDFl34I86l5N3YaryanjQ.webp', 'https://dofusroom.com/b-303022', 9, 'PVM Enutrof', 12, 6, 5, '2022-12-28 19:59:36', '2022-12-28 19:59:36', 0),
	(241, 'images/builds/MNzbHGFJPB5DB1ipVIuNDFl34I86l5N3YaryanjQ.webp', 'https://dofusroom.com/b-303022', 13, 'PVP Roublard', 11, 6, 5, '2022-12-28 19:59:36', '2022-12-28 19:59:36', 1),
	(242, 'images/builds/MNzbHGFJPB5DB1ipVIuNDFl34I86l5N3YaryanjQ.webp', 'https://dofusroom.com/b-303022', 5, 'PVP Féca', 11, 6, 5, '2022-12-28 19:59:36', '2022-12-28 19:59:36', 1),
	(243, 'images/builds/MNzbHGFJPB5DB1ipVIuNDFl34I86l5N3YaryanjQ.webp', 'https://dofusroom.com/b-303022', 7, 'PVP Sadida', 12, 6, 5, '2022-12-28 19:59:36', '2022-12-28 19:59:36', 1),
	(244, 'images/builds/MNzbHGFJPB5DB1ipVIuNDFl34I86l5N3YaryanjQ.webp', 'https://dofusroom.com/b-303022', 10, 'PVM Sram', 12, 6, 5, '2022-12-28 19:59:36', '2022-12-28 19:59:36', 0),
	(245, 'images/builds/MNzbHGFJPB5DB1ipVIuNDFl34I86l5N3YaryanjQ.webp', 'https://dofusroom.com/b-303022', 1, 'PVP Ecaflip', 12, 6, 5, '2022-12-28 19:59:36', '2022-12-28 19:59:36', 1),
	(246, 'images/builds/MNzbHGFJPB5DB1ipVIuNDFl34I86l5N3YaryanjQ.webp', 'https://dofusroom.com/b-303022', 6, 'PVM Sacrieur', 11, 6, 5, '2022-12-28 19:59:36', '2022-12-28 19:59:36', 0),
	(247, 'images/builds/MNzbHGFJPB5DB1ipVIuNDFl34I86l5N3YaryanjQ.webp', 'https://dofusroom.com/b-303022', 15, 'PVP Steamer', 12, 6, 5, '2022-12-28 19:59:36', '2022-12-28 19:59:36', 1),
	(248, 'images/builds/MNzbHGFJPB5DB1ipVIuNDFl34I86l5N3YaryanjQ.webp', 'https://dofusroom.com/b-303022', 7, 'PVM Sadida', 12, 6, 5, '2022-12-28 19:59:36', '2022-12-28 19:59:36', 0),
	(249, 'images/builds/MNzbHGFJPB5DB1ipVIuNDFl34I86l5N3YaryanjQ.webp', 'https://dofusroom.com/b-303022', 17, 'PVM Huppermage', 11, 6, 5, '2022-12-28 19:59:36', '2022-12-28 19:59:36', 0),
	(250, 'images/builds/MNzbHGFJPB5DB1ipVIuNDFl34I86l5N3YaryanjQ.webp', 'https://dofusroom.com/b-303022', 14, 'PVP Zobal', 11, 6, 5, '2022-12-28 19:59:36', '2022-12-28 19:59:36', 1),
	(251, 'images/builds/MNzbHGFJPB5DB1ipVIuNDFl34I86l5N3YaryanjQ.webp', 'https://dofusroom.com/b-303022', 16, 'PVP Eliotrope', 12, 6, 5, '2022-12-28 19:59:36', '2022-12-28 19:59:36', 1),
	(252, 'images/builds/MNzbHGFJPB5DB1ipVIuNDFl34I86l5N3YaryanjQ.webp', 'https://dofusroom.com/b-303022', 18, 'PVP Ouginak', 12, 6, 5, '2022-12-28 19:59:36', '2022-12-28 19:59:36', 1),
	(253, 'images/builds/MNzbHGFJPB5DB1ipVIuNDFl34I86l5N3YaryanjQ.webp', 'https://dofusroom.com/b-303022', 8, 'PVM Osamodas', 12, 6, 5, '2022-12-28 19:59:36', '2022-12-28 19:59:36', 0),
	(254, 'images/builds/MNzbHGFJPB5DB1ipVIuNDFl34I86l5N3YaryanjQ.webp', 'https://dofusroom.com/b-303022', 7, 'PVP Sadida', 12, 6, 5, '2022-12-28 19:59:36', '2022-12-28 19:59:36', 1),
	(255, 'images/builds/MNzbHGFJPB5DB1ipVIuNDFl34I86l5N3YaryanjQ.webp', 'https://dofusroom.com/b-303022', 3, 'PVP Iop', 12, 6, 5, '2022-12-28 19:59:36', '2022-12-28 19:59:36', 1),
	(256, 'images/builds/MNzbHGFJPB5DB1ipVIuNDFl34I86l5N3YaryanjQ.webp', 'https://dofusroom.com/b-303022', 4, 'PVM Crâ', 12, 6, 5, '2022-12-28 19:59:36', '2022-12-28 19:59:36', 0),
	(257, 'images/builds/MNzbHGFJPB5DB1ipVIuNDFl34I86l5N3YaryanjQ.webp', 'https://dofusroom.com/b-303022', 10, 'PVM Sram', 12, 6, 5, '2022-12-28 19:59:36', '2022-12-28 19:59:36', 0),
	(258, 'images/builds/MNzbHGFJPB5DB1ipVIuNDFl34I86l5N3YaryanjQ.webp', 'https://dofusroom.com/b-303022', 4, 'PVM Crâ', 12, 6, 5, '2022-12-28 19:59:36', '2022-12-28 19:59:36', 0),
	(259, 'images/builds/MNzbHGFJPB5DB1ipVIuNDFl34I86l5N3YaryanjQ.webp', 'https://dofusroom.com/b-303022', 13, 'PVP Roublard', 12, 6, 5, '2022-12-28 19:59:36', '2022-12-28 19:59:36', 1),
	(260, 'images/builds/MNzbHGFJPB5DB1ipVIuNDFl34I86l5N3YaryanjQ.webp', 'https://dofusroom.com/b-303022', 5, 'PVM Féca', 12, 6, 5, '2022-12-28 19:59:36', '2022-12-28 19:59:36', 0),
	(261, 'images/builds/MNzbHGFJPB5DB1ipVIuNDFl34I86l5N3YaryanjQ.webp', 'https://dofusroom.com/b-303022', 16, 'PVP Eliotrope', 12, 6, 5, '2022-12-28 19:59:36', '2022-12-28 19:59:36', 1),
	(262, 'images/builds/MNzbHGFJPB5DB1ipVIuNDFl34I86l5N3YaryanjQ.webp', 'https://dofusroom.com/b-303022', 2, 'PVM Eniripsa', 11, 6, 5, '2022-12-28 19:59:36', '2022-12-28 19:59:36', 0),
	(263, 'images/builds/MNzbHGFJPB5DB1ipVIuNDFl34I86l5N3YaryanjQ.webp', 'https://dofusroom.com/b-303022', 7, 'PVM Sadida', 11, 6, 5, '2022-12-28 19:59:36', '2022-12-28 19:59:36', 0),
	(264, 'images/builds/MNzbHGFJPB5DB1ipVIuNDFl34I86l5N3YaryanjQ.webp', 'https://dofusroom.com/b-303022', 1, 'PVM Ecaflip', 12, 6, 5, '2022-12-28 19:59:36', '2022-12-28 19:59:36', 0),
	(265, 'images/builds/MNzbHGFJPB5DB1ipVIuNDFl34I86l5N3YaryanjQ.webp', 'https://dofusroom.com/b-303022', 3, 'PVP Iop', 11, 6, 5, '2022-12-28 19:59:36', '2022-12-28 19:59:36', 1),
	(266, 'images/builds/MNzbHGFJPB5DB1ipVIuNDFl34I86l5N3YaryanjQ.webp', 'https://dofusroom.com/b-303022', 6, 'PVP Sacrieur', 12, 6, 5, '2022-12-28 19:59:36', '2022-12-28 19:59:36', 1),
	(267, 'images/builds/MNzbHGFJPB5DB1ipVIuNDFl34I86l5N3YaryanjQ.webp', 'https://dofusroom.com/b-303022', 7, 'PVP Sadida', 11, 6, 5, '2022-12-28 19:59:36', '2022-12-28 19:59:36', 1),
	(268, 'images/builds/MNzbHGFJPB5DB1ipVIuNDFl34I86l5N3YaryanjQ.webp', 'https://dofusroom.com/b-303022', 14, 'PVM Zobal', 12, 6, 5, '2022-12-28 19:59:36', '2022-12-28 19:59:36', 0),
	(269, 'images/builds/MNzbHGFJPB5DB1ipVIuNDFl34I86l5N3YaryanjQ.webp', 'https://dofusroom.com/b-303022', 10, 'PVM Sram', 12, 6, 5, '2022-12-28 19:59:36', '2022-12-28 19:59:36', 0),
	(270, 'images/builds/MNzbHGFJPB5DB1ipVIuNDFl34I86l5N3YaryanjQ.webp', 'https://dofusroom.com/b-303022', 2, 'PVM Eniripsa', 11, 6, 5, '2022-12-28 19:59:36', '2022-12-28 19:59:36', 0),
	(271, 'images/builds/MNzbHGFJPB5DB1ipVIuNDFl34I86l5N3YaryanjQ.webp', 'https://dofusroom.com/b-303022', 3, 'PVM Iop', 11, 6, 5, '2022-12-28 19:59:36', '2022-12-28 19:59:36', 0),
	(272, 'images/builds/MNzbHGFJPB5DB1ipVIuNDFl34I86l5N3YaryanjQ.webp', 'https://dofusroom.com/b-303022', 4, 'PVM Crâ', 11, 6, 5, '2022-12-28 19:59:36', '2022-12-28 19:59:36', 0),
	(273, 'images/builds/MNzbHGFJPB5DB1ipVIuNDFl34I86l5N3YaryanjQ.webp', 'https://dofusroom.com/b-303022', 11, 'PVP Xélor', 12, 6, 5, '2022-12-28 19:59:36', '2022-12-28 19:59:36', 1),
	(274, 'images/builds/MNzbHGFJPB5DB1ipVIuNDFl34I86l5N3YaryanjQ.webp', 'https://dofusroom.com/b-303022', 6, 'PVP Sacrieur', 11, 6, 5, '2022-12-28 19:59:36', '2022-12-28 19:59:36', 1),
	(275, 'images/builds/MNzbHGFJPB5DB1ipVIuNDFl34I86l5N3YaryanjQ.webp', 'https://dofusroom.com/b-303022', 13, 'PVP Roublard', 12, 6, 5, '2022-12-28 19:59:36', '2022-12-28 19:59:36', 1),
	(276, 'images/builds/MNzbHGFJPB5DB1ipVIuNDFl34I86l5N3YaryanjQ.webp', 'https://dofusroom.com/b-303022', 14, 'PVM Zobal', 12, 6, 5, '2022-12-28 19:59:36', '2022-12-28 19:59:36', 0),
	(277, 'images/builds/MNzbHGFJPB5DB1ipVIuNDFl34I86l5N3YaryanjQ.webp', 'https://dofusroom.com/b-303022', 4, 'PVP Crâ', 12, 6, 5, '2022-12-28 19:59:36', '2022-12-28 19:59:36', 1),
	(278, 'images/builds/MNzbHGFJPB5DB1ipVIuNDFl34I86l5N3YaryanjQ.webp', 'https://dofusroom.com/b-303022', 17, 'PVM Huppermage', 11, 6, 5, '2022-12-28 19:59:36', '2022-12-28 19:59:36', 0),
	(279, 'images/builds/MNzbHGFJPB5DB1ipVIuNDFl34I86l5N3YaryanjQ.webp', 'https://dofusroom.com/b-303022', 10, 'PVP Sram', 11, 6, 5, '2022-12-28 19:59:36', '2022-12-28 19:59:36', 1),
	(280, 'images/builds/MNzbHGFJPB5DB1ipVIuNDFl34I86l5N3YaryanjQ.webp', 'https://dofusroom.com/b-303022', 17, 'PVP Huppermage', 12, 6, 5, '2022-12-28 19:59:36', '2022-12-28 19:59:36', 1),
	(281, 'images/builds/MNzbHGFJPB5DB1ipVIuNDFl34I86l5N3YaryanjQ.webp', 'https://dofusroom.com/b-303022', 17, 'PVM Huppermage', 12, 6, 5, '2022-12-28 19:59:36', '2022-12-28 19:59:36', 0),
	(282, 'images/builds/MNzbHGFJPB5DB1ipVIuNDFl34I86l5N3YaryanjQ.webp', 'https://dofusroom.com/b-303022', 15, 'PVP Steamer', 12, 6, 5, '2022-12-28 19:59:36', '2022-12-28 19:59:36', 1),
	(283, 'images/builds/MNzbHGFJPB5DB1ipVIuNDFl34I86l5N3YaryanjQ.webp', 'https://dofusroom.com/b-303022', 16, 'PVM Eliotrope', 12, 6, 5, '2022-12-28 19:59:36', '2022-12-28 19:59:36', 0),
	(284, 'images/builds/MNzbHGFJPB5DB1ipVIuNDFl34I86l5N3YaryanjQ.webp', 'https://dofusroom.com/b-303022', 16, 'PVP Eliotrope', 12, 6, 5, '2022-12-28 19:59:36', '2022-12-28 19:59:36', 1),
	(285, 'images/builds/MNzbHGFJPB5DB1ipVIuNDFl34I86l5N3YaryanjQ.webp', 'https://dofusroom.com/b-303022', 14, 'PVP Zobal', 11, 6, 5, '2022-12-28 19:59:36', '2022-12-28 19:59:36', 1),
	(286, 'images/builds/MNzbHGFJPB5DB1ipVIuNDFl34I86l5N3YaryanjQ.webp', 'https://dofusroom.com/b-303022', 13, 'PVP Roublard', 11, 6, 5, '2022-12-28 19:59:36', '2022-12-28 19:59:36', 1),
	(287, 'images/builds/MNzbHGFJPB5DB1ipVIuNDFl34I86l5N3YaryanjQ.webp', 'https://dofusroom.com/b-303022', 7, 'PVM Sadida', 11, 6, 5, '2022-12-28 19:59:36', '2022-12-28 19:59:36', 0),
	(288, 'images/builds/MNzbHGFJPB5DB1ipVIuNDFl34I86l5N3YaryanjQ.webp', 'https://dofusroom.com/b-303022', 2, 'PVP Eniripsa', 11, 6, 5, '2022-12-28 19:59:36', '2022-12-28 19:59:36', 1),
	(289, 'images/builds/MNzbHGFJPB5DB1ipVIuNDFl34I86l5N3YaryanjQ.webp', 'https://dofusroom.com/b-303022', 7, 'PVP Sadida', 12, 6, 5, '2022-12-28 19:59:36', '2022-12-28 19:59:36', 1),
	(290, 'images/builds/MNzbHGFJPB5DB1ipVIuNDFl34I86l5N3YaryanjQ.webp', 'https://dofusroom.com/b-303022', 5, 'PVP Féca', 11, 6, 5, '2022-12-28 19:59:36', '2022-12-28 19:59:36', 1),
	(291, 'images/builds/MNzbHGFJPB5DB1ipVIuNDFl34I86l5N3YaryanjQ.webp', 'https://dofusroom.com/b-303022', 2, 'PVM Eniripsa', 11, 6, 5, '2022-12-28 19:59:36', '2022-12-28 19:59:36', 0),
	(292, 'images/builds/MNzbHGFJPB5DB1ipVIuNDFl34I86l5N3YaryanjQ.webp', 'https://dofusroom.com/b-303022', 5, 'PVM Féca', 12, 6, 5, '2022-12-28 19:59:36', '2022-12-28 19:59:36', 0),
	(293, 'images/builds/MNzbHGFJPB5DB1ipVIuNDFl34I86l5N3YaryanjQ.webp', 'https://dofusroom.com/b-303022', 18, 'PVM Ouginak', 11, 6, 5, '2022-12-28 19:59:36', '2022-12-28 19:59:36', 0),
	(294, 'images/builds/MNzbHGFJPB5DB1ipVIuNDFl34I86l5N3YaryanjQ.webp', 'https://dofusroom.com/b-303022', 4, 'PVP Crâ', 11, 6, 5, '2022-12-28 19:59:36', '2022-12-28 19:59:36', 1),
	(295, 'images/builds/MNzbHGFJPB5DB1ipVIuNDFl34I86l5N3YaryanjQ.webp', 'https://dofusroom.com/b-303022', 14, 'PVM Zobal', 11, 6, 5, '2022-12-28 19:59:36', '2022-12-28 19:59:36', 0),
	(296, 'images/builds/MNzbHGFJPB5DB1ipVIuNDFl34I86l5N3YaryanjQ.webp', 'https://dofusroom.com/b-303022', 11, 'PVM Xélor', 11, 6, 5, '2022-12-28 19:59:36', '2022-12-28 19:59:36', 0),
	(297, 'images/builds/MNzbHGFJPB5DB1ipVIuNDFl34I86l5N3YaryanjQ.webp', 'https://dofusroom.com/b-303022', 4, 'PVM Crâ', 11, 6, 5, '2022-12-28 19:59:36', '2022-12-28 19:59:36', 0),
	(298, 'images/builds/MNzbHGFJPB5DB1ipVIuNDFl34I86l5N3YaryanjQ.webp', 'https://dofusroom.com/b-303022', 11, 'PVM Xélor', 11, 6, 5, '2022-12-28 19:59:36', '2022-12-28 19:59:36', 0),
	(299, 'images/builds/MNzbHGFJPB5DB1ipVIuNDFl34I86l5N3YaryanjQ.webp', 'https://dofusroom.com/b-303022', 14, 'PVM Zobal', 11, 6, 5, '2022-12-28 19:59:36', '2022-12-28 19:59:36', 0),
	(300, 'images/builds/MNzbHGFJPB5DB1ipVIuNDFl34I86l5N3YaryanjQ.webp', 'https://dofusroom.com/b-303022', 19, 'PVP Forgelance', 12, 6, 5, '2022-12-28 19:59:36', '2022-12-28 19:59:36', 1),
	(301, 'images/builds/MNzbHGFJPB5DB1ipVIuNDFl34I86l5N3YaryanjQ.webp', 'https://dofusroom.com/b-303022', 3, 'PVP Iop', 12, 6, 5, '2022-12-28 19:59:36', '2022-12-28 19:59:36', 1),
	(302, 'images/builds/MNzbHGFJPB5DB1ipVIuNDFl34I86l5N3YaryanjQ.webp', 'https://dofusroom.com/b-303022', 1, 'PVP Ecaflip', 12, 6, 5, '2022-12-28 19:59:36', '2022-12-28 19:59:36', 1),
	(303, 'images/builds/MNzbHGFJPB5DB1ipVIuNDFl34I86l5N3YaryanjQ.webp', 'https://dofusroom.com/b-303022', 17, 'PVM Huppermage', 11, 6, 5, '2022-12-28 19:59:36', '2022-12-28 19:59:36', 0),
	(304, 'images/builds/MNzbHGFJPB5DB1ipVIuNDFl34I86l5N3YaryanjQ.webp', 'https://dofusroom.com/b-303022', 6, 'PVM Sacrieur', 12, 6, 5, '2022-12-28 19:59:36', '2022-12-28 19:59:36', 0),
	(305, 'images/builds/MNzbHGFJPB5DB1ipVIuNDFl34I86l5N3YaryanjQ.webp', 'https://dofusroom.com/b-303022', 9, 'PVM Enutrof', 12, 6, 5, '2022-12-28 19:59:36', '2022-12-28 19:59:36', 0),
	(306, 'images/builds/MNzbHGFJPB5DB1ipVIuNDFl34I86l5N3YaryanjQ.webp', 'https://dofusroom.com/b-303022', 6, 'PVM Sacrieur', 12, 6, 5, '2022-12-28 19:59:36', '2022-12-28 19:59:36', 0),
	(307, 'images/builds/MNzbHGFJPB5DB1ipVIuNDFl34I86l5N3YaryanjQ.webp', 'https://dofusroom.com/b-303022', 1, 'PVM Ecaflip', 12, 6, 5, '2022-12-28 19:59:36', '2022-12-28 19:59:36', 0),
	(308, 'images/builds/MNzbHGFJPB5DB1ipVIuNDFl34I86l5N3YaryanjQ.webp', 'https://dofusroom.com/b-303022', 6, 'PVM Sacrieur', 12, 6, 5, '2022-12-28 19:59:36', '2022-12-28 19:59:36', 0),
	(309, 'images/builds/MNzbHGFJPB5DB1ipVIuNDFl34I86l5N3YaryanjQ.webp', 'https://dofusroom.com/b-303022', 15, 'PVM Steamer', 12, 6, 5, '2022-12-28 19:59:36', '2022-12-28 19:59:36', 0),
	(310, 'images/builds/MNzbHGFJPB5DB1ipVIuNDFl34I86l5N3YaryanjQ.webp', 'https://dofusroom.com/b-303022', 1, 'PVM Ecaflip', 12, 6, 5, '2022-12-28 19:59:36', '2022-12-28 19:59:36', 0),
	(311, 'images/builds/MNzbHGFJPB5DB1ipVIuNDFl34I86l5N3YaryanjQ.webp', 'https://dofusroom.com/b-303022', 6, 'PVP Sacrieur', 12, 6, 5, '2022-12-28 19:59:36', '2022-12-28 19:59:36', 1),
	(312, 'images/builds/MNzbHGFJPB5DB1ipVIuNDFl34I86l5N3YaryanjQ.webp', 'https://dofusroom.com/b-303022', 18, 'PVP Ouginak', 11, 6, 5, '2022-12-28 19:59:36', '2022-12-28 19:59:36', 1),
	(313, 'images/builds/MNzbHGFJPB5DB1ipVIuNDFl34I86l5N3YaryanjQ.webp', 'https://dofusroom.com/b-303022', 5, 'PVM Féca', 11, 6, 5, '2022-12-28 19:59:36', '2022-12-28 19:59:36', 0),
	(314, 'images/builds/MNzbHGFJPB5DB1ipVIuNDFl34I86l5N3YaryanjQ.webp', 'https://dofusroom.com/b-303022', 2, 'PVP Eniripsa', 11, 6, 5, '2022-12-28 19:59:36', '2022-12-28 19:59:36', 1),
	(315, 'images/builds/MNzbHGFJPB5DB1ipVIuNDFl34I86l5N3YaryanjQ.webp', 'https://dofusroom.com/b-303022', 13, 'PVP Roublard', 12, 6, 5, '2022-12-28 19:59:36', '2022-12-28 19:59:36', 1),
	(316, 'images/builds/MNzbHGFJPB5DB1ipVIuNDFl34I86l5N3YaryanjQ.webp', 'https://dofusroom.com/b-303022', 11, 'PVP Xélor', 11, 6, 5, '2022-12-28 19:59:36', '2022-12-28 19:59:36', 1),
	(317, 'images/builds/MNzbHGFJPB5DB1ipVIuNDFl34I86l5N3YaryanjQ.webp', 'https://dofusroom.com/b-303022', 14, 'PVP Zobal', 11, 6, 5, '2022-12-28 19:59:36', '2022-12-28 19:59:36', 1),
	(318, 'images/builds/MNzbHGFJPB5DB1ipVIuNDFl34I86l5N3YaryanjQ.webp', 'https://dofusroom.com/b-303022', 7, 'PVP Sadida', 12, 6, 5, '2022-12-28 19:59:36', '2022-12-28 19:59:36', 1),
	(319, 'images/builds/MNzbHGFJPB5DB1ipVIuNDFl34I86l5N3YaryanjQ.webp', 'https://dofusroom.com/b-303022', 8, 'PVM Osamodas', 11, 6, 5, '2022-12-28 19:59:36', '2022-12-28 19:59:36', 0),
	(320, 'images/builds/MNzbHGFJPB5DB1ipVIuNDFl34I86l5N3YaryanjQ.webp', 'https://dofusroom.com/b-303022', 11, 'PVP Xélor', 12, 6, 5, '2022-12-28 19:59:36', '2022-12-28 19:59:36', 1),
	(321, 'images/builds/MNzbHGFJPB5DB1ipVIuNDFl34I86l5N3YaryanjQ.webp', 'https://dofusroom.com/b-303022', 5, 'PVM Féca', 11, 6, 5, '2022-12-28 19:59:36', '2022-12-28 19:59:36', 0),
	(322, 'images/builds/MNzbHGFJPB5DB1ipVIuNDFl34I86l5N3YaryanjQ.webp', 'https://dofusroom.com/b-303022', 6, 'PVP Sacrieur', 12, 6, 5, '2022-12-28 19:59:36', '2022-12-28 19:59:36', 1),
	(323, 'images/builds/MNzbHGFJPB5DB1ipVIuNDFl34I86l5N3YaryanjQ.webp', 'https://dofusroom.com/b-303022', 13, 'PVM Roublard', 11, 6, 5, '2022-12-28 19:59:36', '2022-12-28 19:59:36', 0),
	(324, 'images/builds/MNzbHGFJPB5DB1ipVIuNDFl34I86l5N3YaryanjQ.webp', 'https://dofusroom.com/b-303022', 17, 'PVP Huppermage', 12, 6, 5, '2022-12-28 19:59:36', '2022-12-28 19:59:36', 1),
	(325, 'images/builds/MNzbHGFJPB5DB1ipVIuNDFl34I86l5N3YaryanjQ.webp', 'https://dofusroom.com/b-303022', 16, 'PVM Eliotrope', 12, 6, 5, '2022-12-28 19:59:36', '2022-12-28 19:59:36', 0),
	(326, 'images/builds/MNzbHGFJPB5DB1ipVIuNDFl34I86l5N3YaryanjQ.webp', 'https://dofusroom.com/b-303022', 7, 'PVM Sadida', 12, 6, 5, '2022-12-28 19:59:36', '2022-12-28 19:59:36', 0),
	(327, 'images/builds/MNzbHGFJPB5DB1ipVIuNDFl34I86l5N3YaryanjQ.webp', 'https://dofusroom.com/b-303022', 4, 'PVM Crâ', 12, 6, 5, '2022-12-28 19:59:36', '2022-12-28 19:59:36', 0),
	(328, 'images/builds/MNzbHGFJPB5DB1ipVIuNDFl34I86l5N3YaryanjQ.webp', 'https://dofusroom.com/b-303022', 6, 'PVP Sacrieur', 12, 6, 5, '2022-12-28 19:59:36', '2022-12-28 19:59:36', 1),
	(329, 'images/builds/MNzbHGFJPB5DB1ipVIuNDFl34I86l5N3YaryanjQ.webp', 'https://dofusroom.com/b-303022', 19, 'PVP Forgelance', 12, 6, 5, '2022-12-28 19:59:36', '2022-12-28 19:59:36', 1),
	(330, 'images/builds/MNzbHGFJPB5DB1ipVIuNDFl34I86l5N3YaryanjQ.webp', 'https://dofusroom.com/b-303022', 19, 'PVP Forgelance', 11, 6, 5, '2022-12-28 19:59:36', '2022-12-28 19:59:36', 1),
	(331, 'images/builds/MNzbHGFJPB5DB1ipVIuNDFl34I86l5N3YaryanjQ.webp', 'https://dofusroom.com/b-303022', 3, 'PVP Iop', 12, 6, 5, '2022-12-28 19:59:36', '2022-12-28 19:59:36', 1),
	(332, 'images/builds/MNzbHGFJPB5DB1ipVIuNDFl34I86l5N3YaryanjQ.webp', 'https://dofusroom.com/b-303022', 10, 'PVM Sram', 12, 6, 5, '2022-12-28 19:59:36', '2022-12-28 19:59:36', 0),
	(333, 'images/builds/MNzbHGFJPB5DB1ipVIuNDFl34I86l5N3YaryanjQ.webp', 'https://dofusroom.com/b-303022', 18, 'PVP Ouginak', 11, 6, 5, '2022-12-28 19:59:36', '2022-12-28 19:59:36', 1),
	(334, 'images/builds/MNzbHGFJPB5DB1ipVIuNDFl34I86l5N3YaryanjQ.webp', 'https://dofusroom.com/b-303022', 8, 'PVM Osamodas', 11, 6, 5, '2022-12-28 19:59:36', '2022-12-28 19:59:36', 0),
	(335, 'images/builds/MNzbHGFJPB5DB1ipVIuNDFl34I86l5N3YaryanjQ.webp', 'https://dofusroom.com/b-303022', 18, 'PVP Ouginak', 11, 6, 5, '2022-12-28 19:59:36', '2022-12-28 19:59:36', 1),
	(336, 'images/builds/MNzbHGFJPB5DB1ipVIuNDFl34I86l5N3YaryanjQ.webp', 'https://dofusroom.com/b-303022', 11, 'PVP Xélor', 12, 6, 5, '2022-12-28 19:59:36', '2022-12-28 19:59:36', 1),
	(337, 'images/builds/MNzbHGFJPB5DB1ipVIuNDFl34I86l5N3YaryanjQ.webp', 'https://dofusroom.com/b-303022', 10, 'PVM Sram', 11, 6, 5, '2022-12-28 19:59:36', '2022-12-28 19:59:36', 0),
	(338, 'images/builds/MNzbHGFJPB5DB1ipVIuNDFl34I86l5N3YaryanjQ.webp', 'https://dofusroom.com/b-303022', 12, 'PVM Pandawa', 12, 6, 5, '2022-12-28 19:59:36', '2022-12-28 19:59:36', 0),
	(339, 'images/builds/MNzbHGFJPB5DB1ipVIuNDFl34I86l5N3YaryanjQ.webp', 'https://dofusroom.com/b-303022', 9, 'PVM Enutrof', 11, 6, 5, '2022-12-28 19:59:36', '2022-12-28 19:59:36', 0);
/*!40000 ALTER TABLE `builds` ENABLE KEYS */;

-- Listage des données de la table barbofus.build_element : ~347 rows (environ)
/*!40000 ALTER TABLE `build_element` DISABLE KEYS */;
INSERT INTO `build_element` (`id`, `build_id`, `element_id`, `created_at`, `updated_at`) VALUES
	(626, 226, 1, NULL, NULL),
	(627, 226, 2, NULL, NULL),
	(628, 226, 3, NULL, NULL),
	(629, 226, 4, NULL, NULL),
	(630, 227, 3, NULL, NULL),
	(631, 227, 6, NULL, NULL),
	(632, 228, 1, NULL, NULL),
	(633, 228, 2, NULL, NULL),
	(634, 228, 4, NULL, NULL),
	(635, 228, 6, NULL, NULL),
	(636, 229, 4, NULL, NULL),
	(637, 229, 6, NULL, NULL),
	(638, 230, 2, NULL, NULL),
	(639, 230, 3, NULL, NULL),
	(640, 230, 4, NULL, NULL),
	(641, 231, 1, NULL, NULL),
	(642, 231, 2, NULL, NULL),
	(643, 231, 4, NULL, NULL),
	(644, 232, 1, NULL, NULL),
	(645, 232, 2, NULL, NULL),
	(646, 232, 3, NULL, NULL),
	(647, 232, 4, NULL, NULL),
	(648, 232, 5, NULL, NULL),
	(649, 233, 1, NULL, NULL),
	(650, 233, 3, NULL, NULL),
	(651, 233, 4, NULL, NULL),
	(652, 234, 2, NULL, NULL),
	(653, 234, 3, NULL, NULL),
	(654, 235, 4, NULL, NULL),
	(655, 236, 2, NULL, NULL),
	(656, 236, 3, NULL, NULL),
	(657, 236, 6, NULL, NULL),
	(658, 237, 1, NULL, NULL),
	(659, 237, 2, NULL, NULL),
	(660, 237, 3, NULL, NULL),
	(661, 237, 5, NULL, NULL),
	(662, 238, 2, NULL, NULL),
	(663, 238, 3, NULL, NULL),
	(664, 238, 4, NULL, NULL),
	(665, 239, 1, NULL, NULL),
	(666, 239, 4, NULL, NULL),
	(667, 240, 1, NULL, NULL),
	(668, 240, 2, NULL, NULL),
	(669, 240, 3, NULL, NULL),
	(670, 240, 6, NULL, NULL),
	(671, 241, 1, NULL, NULL),
	(672, 241, 3, NULL, NULL),
	(673, 241, 4, NULL, NULL),
	(674, 241, 5, NULL, NULL),
	(675, 242, 3, NULL, NULL),
	(676, 243, 2, NULL, NULL),
	(677, 243, 4, NULL, NULL),
	(678, 244, 3, NULL, NULL),
	(679, 245, 1, NULL, NULL),
	(680, 245, 2, NULL, NULL),
	(681, 245, 4, NULL, NULL),
	(682, 245, 5, NULL, NULL),
	(683, 246, 1, NULL, NULL),
	(684, 247, 1, NULL, NULL),
	(685, 247, 2, NULL, NULL),
	(686, 248, 2, NULL, NULL),
	(687, 248, 4, NULL, NULL),
	(688, 248, 6, NULL, NULL),
	(689, 249, 1, NULL, NULL),
	(690, 249, 2, NULL, NULL),
	(691, 249, 3, NULL, NULL),
	(692, 250, 1, NULL, NULL),
	(693, 250, 2, NULL, NULL),
	(694, 250, 3, NULL, NULL),
	(695, 250, 4, NULL, NULL),
	(696, 251, 1, NULL, NULL),
	(697, 251, 2, NULL, NULL),
	(698, 251, 3, NULL, NULL),
	(699, 251, 4, NULL, NULL),
	(700, 251, 5, NULL, NULL),
	(701, 252, 1, NULL, NULL),
	(702, 252, 2, NULL, NULL),
	(703, 252, 3, NULL, NULL),
	(704, 252, 4, NULL, NULL),
	(705, 253, 1, NULL, NULL),
	(706, 253, 2, NULL, NULL),
	(707, 253, 3, NULL, NULL),
	(708, 253, 4, NULL, NULL),
	(709, 253, 6, NULL, NULL),
	(710, 254, 3, NULL, NULL),
	(711, 254, 4, NULL, NULL),
	(712, 254, 5, NULL, NULL),
	(713, 255, 2, NULL, NULL),
	(714, 255, 5, NULL, NULL),
	(715, 256, 1, NULL, NULL),
	(716, 256, 2, NULL, NULL),
	(717, 256, 3, NULL, NULL),
	(718, 256, 4, NULL, NULL),
	(719, 257, 1, NULL, NULL),
	(720, 257, 2, NULL, NULL),
	(721, 257, 3, NULL, NULL),
	(722, 257, 4, NULL, NULL),
	(723, 257, 5, NULL, NULL),
	(724, 258, 1, NULL, NULL),
	(725, 258, 2, NULL, NULL),
	(726, 258, 3, NULL, NULL),
	(727, 258, 4, NULL, NULL),
	(728, 259, 1, NULL, NULL),
	(729, 259, 2, NULL, NULL),
	(730, 259, 3, NULL, NULL),
	(731, 259, 4, NULL, NULL),
	(732, 260, 1, NULL, NULL),
	(733, 260, 2, NULL, NULL),
	(734, 260, 3, NULL, NULL),
	(735, 260, 4, NULL, NULL),
	(736, 260, 6, NULL, NULL),
	(737, 261, 3, NULL, NULL),
	(738, 261, 4, NULL, NULL),
	(739, 262, 2, NULL, NULL),
	(740, 262, 3, NULL, NULL),
	(741, 262, 4, NULL, NULL),
	(742, 262, 6, NULL, NULL),
	(743, 263, 1, NULL, NULL),
	(744, 263, 3, NULL, NULL),
	(745, 263, 4, NULL, NULL),
	(746, 263, 5, NULL, NULL),
	(747, 264, 1, NULL, NULL),
	(748, 264, 2, NULL, NULL),
	(749, 264, 4, NULL, NULL),
	(750, 265, 1, NULL, NULL),
	(751, 265, 2, NULL, NULL),
	(752, 265, 3, NULL, NULL),
	(753, 265, 4, NULL, NULL),
	(754, 266, 1, NULL, NULL),
	(755, 266, 2, NULL, NULL),
	(756, 266, 3, NULL, NULL),
	(757, 266, 4, NULL, NULL),
	(758, 266, 6, NULL, NULL),
	(759, 267, 1, NULL, NULL),
	(760, 268, 1, NULL, NULL),
	(761, 268, 4, NULL, NULL),
	(762, 269, 1, NULL, NULL),
	(763, 270, 1, NULL, NULL),
	(764, 270, 2, NULL, NULL),
	(765, 270, 3, NULL, NULL),
	(766, 270, 4, NULL, NULL),
	(767, 271, 1, NULL, NULL),
	(768, 271, 3, NULL, NULL),
	(769, 271, 5, NULL, NULL),
	(770, 272, 1, NULL, NULL),
	(771, 272, 2, NULL, NULL),
	(772, 272, 4, NULL, NULL),
	(773, 273, 2, NULL, NULL),
	(774, 273, 6, NULL, NULL),
	(775, 274, 1, NULL, NULL),
	(776, 274, 2, NULL, NULL),
	(777, 274, 3, NULL, NULL),
	(778, 274, 4, NULL, NULL),
	(779, 275, 2, NULL, NULL),
	(780, 275, 5, NULL, NULL),
	(781, 276, 2, NULL, NULL),
	(782, 276, 3, NULL, NULL),
	(783, 276, 4, NULL, NULL),
	(784, 277, 2, NULL, NULL),
	(785, 277, 4, NULL, NULL),
	(786, 278, 1, NULL, NULL),
	(787, 279, 1, NULL, NULL),
	(788, 279, 5, NULL, NULL),
	(789, 280, 3, NULL, NULL),
	(790, 280, 6, NULL, NULL),
	(791, 281, 1, NULL, NULL),
	(792, 281, 2, NULL, NULL),
	(793, 281, 3, NULL, NULL),
	(794, 281, 4, NULL, NULL),
	(795, 281, 6, NULL, NULL),
	(796, 282, 1, NULL, NULL),
	(797, 282, 2, NULL, NULL),
	(798, 282, 4, NULL, NULL),
	(799, 282, 5, NULL, NULL),
	(800, 283, 2, NULL, NULL),
	(801, 283, 4, NULL, NULL),
	(802, 284, 4, NULL, NULL),
	(803, 285, 3, NULL, NULL),
	(804, 285, 6, NULL, NULL),
	(805, 286, 1, NULL, NULL),
	(806, 287, 1, NULL, NULL),
	(807, 287, 2, NULL, NULL),
	(808, 287, 3, NULL, NULL),
	(809, 287, 4, NULL, NULL),
	(810, 287, 6, NULL, NULL),
	(811, 288, 3, NULL, NULL),
	(812, 288, 6, NULL, NULL),
	(813, 289, 2, NULL, NULL),
	(814, 289, 4, NULL, NULL),
	(815, 289, 6, NULL, NULL),
	(816, 290, 1, NULL, NULL),
	(817, 290, 2, NULL, NULL),
	(818, 290, 3, NULL, NULL),
	(819, 290, 4, NULL, NULL),
	(820, 291, 1, NULL, NULL),
	(821, 291, 3, NULL, NULL),
	(822, 291, 4, NULL, NULL),
	(823, 291, 5, NULL, NULL),
	(824, 292, 1, NULL, NULL),
	(825, 292, 2, NULL, NULL),
	(826, 292, 3, NULL, NULL),
	(827, 292, 4, NULL, NULL),
	(828, 293, 2, NULL, NULL),
	(829, 293, 3, NULL, NULL),
	(830, 293, 5, NULL, NULL),
	(831, 294, 4, NULL, NULL),
	(832, 295, 1, NULL, NULL),
	(833, 295, 2, NULL, NULL),
	(834, 295, 3, NULL, NULL),
	(835, 295, 4, NULL, NULL),
	(836, 296, 1, NULL, NULL),
	(837, 296, 4, NULL, NULL),
	(838, 296, 6, NULL, NULL),
	(839, 297, 1, NULL, NULL),
	(840, 297, 2, NULL, NULL),
	(841, 297, 4, NULL, NULL),
	(842, 297, 6, NULL, NULL),
	(843, 298, 1, NULL, NULL),
	(844, 298, 2, NULL, NULL),
	(845, 298, 4, NULL, NULL),
	(846, 298, 5, NULL, NULL),
	(847, 299, 1, NULL, NULL),
	(848, 299, 2, NULL, NULL),
	(849, 299, 5, NULL, NULL),
	(850, 300, 1, NULL, NULL),
	(851, 300, 3, NULL, NULL),
	(852, 300, 4, NULL, NULL),
	(853, 300, 5, NULL, NULL),
	(854, 301, 1, NULL, NULL),
	(855, 301, 5, NULL, NULL),
	(856, 302, 1, NULL, NULL),
	(857, 302, 2, NULL, NULL),
	(858, 302, 3, NULL, NULL),
	(859, 302, 4, NULL, NULL),
	(860, 302, 6, NULL, NULL),
	(861, 303, 1, NULL, NULL),
	(862, 303, 2, NULL, NULL),
	(863, 303, 3, NULL, NULL),
	(864, 303, 4, NULL, NULL),
	(865, 304, 2, NULL, NULL),
	(866, 304, 3, NULL, NULL),
	(867, 304, 5, NULL, NULL),
	(868, 305, 2, NULL, NULL),
	(869, 305, 4, NULL, NULL),
	(870, 305, 5, NULL, NULL),
	(871, 306, 1, NULL, NULL),
	(872, 306, 2, NULL, NULL),
	(873, 307, 1, NULL, NULL),
	(874, 307, 4, NULL, NULL),
	(875, 307, 5, NULL, NULL),
	(876, 308, 1, NULL, NULL),
	(877, 308, 2, NULL, NULL),
	(878, 308, 5, NULL, NULL),
	(879, 309, 1, NULL, NULL),
	(880, 309, 2, NULL, NULL),
	(881, 309, 3, NULL, NULL),
	(882, 310, 1, NULL, NULL),
	(883, 310, 2, NULL, NULL),
	(884, 310, 3, NULL, NULL),
	(885, 310, 4, NULL, NULL),
	(886, 311, 2, NULL, NULL),
	(887, 311, 3, NULL, NULL),
	(888, 311, 4, NULL, NULL),
	(889, 312, 2, NULL, NULL),
	(890, 312, 4, NULL, NULL),
	(891, 313, 4, NULL, NULL),
	(892, 313, 5, NULL, NULL),
	(893, 314, 3, NULL, NULL),
	(894, 314, 4, NULL, NULL),
	(895, 314, 6, NULL, NULL),
	(896, 315, 2, NULL, NULL),
	(897, 315, 3, NULL, NULL),
	(898, 315, 4, NULL, NULL),
	(899, 315, 5, NULL, NULL),
	(900, 316, 2, NULL, NULL),
	(901, 316, 3, NULL, NULL),
	(902, 317, 1, NULL, NULL),
	(903, 318, 1, NULL, NULL),
	(904, 318, 6, NULL, NULL),
	(905, 319, 3, NULL, NULL),
	(906, 319, 4, NULL, NULL),
	(907, 320, 2, NULL, NULL),
	(908, 320, 3, NULL, NULL),
	(909, 320, 4, NULL, NULL),
	(910, 321, 1, NULL, NULL),
	(911, 321, 2, NULL, NULL),
	(912, 321, 3, NULL, NULL),
	(913, 321, 4, NULL, NULL),
	(914, 321, 5, NULL, NULL),
	(915, 322, 2, NULL, NULL),
	(916, 322, 3, NULL, NULL),
	(917, 322, 6, NULL, NULL),
	(918, 323, 1, NULL, NULL),
	(919, 323, 3, NULL, NULL),
	(920, 323, 5, NULL, NULL),
	(921, 324, 1, NULL, NULL),
	(922, 324, 5, NULL, NULL),
	(923, 325, 2, NULL, NULL),
	(924, 325, 3, NULL, NULL),
	(925, 325, 4, NULL, NULL),
	(926, 326, 1, NULL, NULL),
	(927, 326, 2, NULL, NULL),
	(928, 326, 3, NULL, NULL),
	(929, 326, 4, NULL, NULL),
	(930, 326, 5, NULL, NULL),
	(931, 327, 1, NULL, NULL),
	(932, 327, 3, NULL, NULL),
	(933, 327, 4, NULL, NULL),
	(934, 327, 5, NULL, NULL),
	(935, 328, 1, NULL, NULL),
	(936, 328, 2, NULL, NULL),
	(937, 328, 3, NULL, NULL),
	(938, 328, 4, NULL, NULL),
	(939, 329, 2, NULL, NULL),
	(940, 329, 3, NULL, NULL),
	(941, 329, 4, NULL, NULL),
	(942, 330, 1, NULL, NULL),
	(943, 331, 1, NULL, NULL),
	(944, 331, 2, NULL, NULL),
	(945, 331, 3, NULL, NULL),
	(946, 331, 4, NULL, NULL),
	(947, 331, 5, NULL, NULL),
	(948, 332, 1, NULL, NULL),
	(949, 332, 2, NULL, NULL),
	(950, 332, 3, NULL, NULL),
	(951, 332, 4, NULL, NULL),
	(952, 332, 5, NULL, NULL),
	(953, 333, 2, NULL, NULL),
	(954, 333, 3, NULL, NULL),
	(955, 333, 4, NULL, NULL),
	(956, 334, 2, NULL, NULL),
	(957, 335, 1, NULL, NULL),
	(958, 335, 2, NULL, NULL),
	(959, 335, 3, NULL, NULL),
	(960, 335, 6, NULL, NULL),
	(961, 336, 1, NULL, NULL),
	(962, 336, 2, NULL, NULL),
	(963, 336, 3, NULL, NULL),
	(964, 336, 4, NULL, NULL),
	(965, 337, 3, NULL, NULL),
	(966, 337, 4, NULL, NULL),
	(967, 338, 2, NULL, NULL),
	(968, 338, 6, NULL, NULL),
	(969, 339, 1, NULL, NULL),
	(970, 339, 2, NULL, NULL),
	(971, 339, 3, NULL, NULL),
	(972, 339, 6, NULL, NULL);
/*!40000 ALTER TABLE `build_element` ENABLE KEYS */;

-- Listage des données de la table barbofus.elements : ~6 rows (environ)
/*!40000 ALTER TABLE `elements` DISABLE KEYS */;
INSERT INTO `elements` (`id`, `name`, `icon_path`, `created_at`, `updated_at`, `is_elemental`) VALUES
	(1, 'air', 'icon_air.png', NULL, NULL, 1),
	(2, 'terre', 'icon_terre.png', NULL, NULL, 1),
	(3, 'eau', 'icon_eau.png', NULL, NULL, 1),
	(4, 'feu', 'icon_feu.png', NULL, NULL, 1),
	(5, 'docri', 'icon_docri.png', NULL, NULL, 0),
	(6, 'dopou', 'icon_dopou.png', NULL, NULL, 0);
/*!40000 ALTER TABLE `elements` ENABLE KEYS */;

-- Listage des données de la table barbofus.failed_jobs : ~0 rows (environ)
/*!40000 ALTER TABLE `failed_jobs` DISABLE KEYS */;
/*!40000 ALTER TABLE `failed_jobs` ENABLE KEYS */;

-- Listage des données de la table barbofus.migrations : ~11 rows (environ)
/*!40000 ALTER TABLE `migrations` DISABLE KEYS */;
INSERT INTO `migrations` (`id`, `migration`, `batch`) VALUES
	(1, '2014_10_12_000000_create_users_table', 1),
	(2, '2014_10_12_100000_create_password_resets_table', 1),
	(3, '2019_08_19_000000_create_failed_jobs_table', 1),
	(4, '2019_12_14_000001_create_personal_access_tokens_table', 1),
	(5, '2013_07_30_124741_create_roles_table', 2),
	(6, '2014_10_12_200000_add_two_factor_columns_to_users_table', 2),
	(7, '2022_07_30_125618_add_role_id_column_to_users_table', 3),
	(8, '2022_07_30_180992_create_races_table', 4),
	(9, '2022_07_30_181423_create_builds_table', 4),
	(10, '2022_07_30_181536_create_elements_table', 4),
	(11, '2022_07_30_183243_create_pivot_table_build_element', 5),
	(12, '2022_08_09_165150_add_is_elemental_column_to_elements_table', 6),
	(13, '2022_08_11_211018_set_name_to_unique_on_users_table', 7),
	(14, '2022_09_04_121251_add_is_pvp_column_to_builds_table', 8);
/*!40000 ALTER TABLE `migrations` ENABLE KEYS */;

-- Listage des données de la table barbofus.password_resets : ~0 rows (environ)
/*!40000 ALTER TABLE `password_resets` DISABLE KEYS */;
/*!40000 ALTER TABLE `password_resets` ENABLE KEYS */;

-- Listage des données de la table barbofus.personal_access_tokens : ~0 rows (environ)
/*!40000 ALTER TABLE `personal_access_tokens` DISABLE KEYS */;
/*!40000 ALTER TABLE `personal_access_tokens` ENABLE KEYS */;

-- Listage des données de la table barbofus.races : ~19 rows (environ)
/*!40000 ALTER TABLE `races` DISABLE KEYS */;
INSERT INTO `races` (`id`, `name`, `icon_path`, `banner_path`, `created_at`, `updated_at`) VALUES
	(1, 'Ecaflip', 'logo-ecaflip.png', 'banner_ecaflip.jpg', NULL, NULL),
	(2, 'Eniripsa', 'logo-eniripsa.png', 'banner_eniripsa.jpg', NULL, NULL),
	(3, 'Iop', 'logo-iop.png', 'banner_iop.jpg', NULL, NULL),
	(4, 'Crâ', 'logo-cra.png', 'banner_cra.jpg', NULL, NULL),
	(5, 'Féca', 'logo-feca.png', 'banner_feca.jpg', NULL, NULL),
	(6, 'Sacrieur', 'logo-sacrieur.png', 'banner_sacrieur.jpg', NULL, NULL),
	(7, 'Sadida', 'logo-sadida.png', 'banner_sadida.jpg', NULL, NULL),
	(8, 'Osamodas', 'logo-osamodas.png', 'banner_osamodas.jpg', NULL, NULL),
	(9, 'Enutrof', 'logo-enutrof.png', 'banner_enutrof.jpg', NULL, NULL),
	(10, 'Sram', 'logo-sram.png', 'banner_sram.jpg', NULL, NULL),
	(11, 'Xélor', 'logo-xelor.png', 'banner_xelor.jpg', NULL, NULL),
	(12, 'Pandawa', 'logo-pandawa.png', 'banner_pandawa.jpg', NULL, NULL),
	(13, 'Roublard', 'logo-roublard.png', 'banner_roublard.jpg', NULL, NULL),
	(14, 'Zobal', 'logo-zobal.png', 'banner_zobal.jpg', NULL, NULL),
	(15, 'Steamer', 'logo-steamer.png', 'banner_steamer.jpg', NULL, NULL),
	(16, 'Eliotrope', 'logo-eliotrope.png', 'banner_eliotrope.jpg', NULL, NULL),
	(17, 'Huppermage', 'logo-huppermage.png', 'banner_huppermage.jpg', NULL, NULL),
	(18, 'Ouginak', 'logo-ouginak.png', 'banner_ouginak.jpg', NULL, NULL),
	(19, 'Forgelance', 'logo-forgelance.png', 'banner_forgelance.jpg', NULL, NULL);
/*!40000 ALTER TABLE `races` ENABLE KEYS */;

-- Listage des données de la table barbofus.roles : ~2 rows (environ)
/*!40000 ALTER TABLE `roles` DISABLE KEYS */;
INSERT INTO `roles` (`id`, `name`, `created_at`, `updated_at`) VALUES
	(1, 'Utilisateur', NULL, NULL),
	(2, 'Admin', NULL, NULL),
	(3, 'Modérateur', NULL, NULL);
/*!40000 ALTER TABLE `roles` ENABLE KEYS */;

-- Listage des données de la table barbofus.users : ~53 rows (environ)
/*!40000 ALTER TABLE `users` DISABLE KEYS */;
INSERT INTO `users` (`id`, `name`, `email`, `email_verified_at`, `password`, `two_factor_secret`, `two_factor_recovery_codes`, `two_factor_confirmed_at`, `remember_token`, `created_at`, `updated_at`, `role_id`) VALUES
	(5, 'admin', 'admin@gmail.com', NULL, '$2y$10$BN8PMdrR/7A.R7ycmQyUfe8QA69Q2mN860GD5xXQGAD3bXW80N47O', NULL, NULL, NULL, NULL, '2022-07-30 17:06:50', '2022-08-13 23:17:20', 2),
	(8, 'modo', 'modo@gmail.com', NULL, '$2y$10$j8s1C1jGq8IgPkByRmX5OOznls5KDAFMZVVSM5o0IB2IuvppROv8i', NULL, NULL, NULL, NULL, '2022-08-07 16:36:36', '2022-08-31 13:14:00', 3),
	(9, 'user', 'user@gmail.com', NULL, '$2y$10$kf185ZQoy9uTkn8p/giWA.xZFAnDkmsJ54sFl.emLr2yd0PTpnkea', NULL, NULL, NULL, NULL, '2022-08-07 18:08:13', '2022-09-03 21:07:31', 1),
	(11, 'Dr. Brooklyn Boehm', 'pmertz@example.com', '2022-08-31 13:36:05', '$2y$10$92IXUNpkjO0rOQ5byMi.Ye4oKoEa3Ro9llC/.og/at2.uheWG/igi', NULL, NULL, NULL, 'qlfQbfdMwT', '2022-08-31 13:36:05', '2022-08-31 13:36:05', 1),
	(12, 'Thalia Kihn', 'pkuvalis@example.com', '2022-08-31 13:36:05', '$2y$10$92IXUNpkjO0rOQ5byMi.Ye4oKoEa3Ro9llC/.og/at2.uheWG/igi', NULL, NULL, NULL, 'ZI4DRCNbVP', '2022-08-31 13:36:05', '2022-08-31 13:36:05', 1),
	(13, 'Berry Goodwin MD', 'bert.bahringer@example.com', '2022-08-31 13:36:05', '$2y$10$92IXUNpkjO0rOQ5byMi.Ye4oKoEa3Ro9llC/.og/at2.uheWG/igi', NULL, NULL, NULL, 'NEhkNMQcVX', '2022-08-31 13:36:05', '2022-08-31 13:36:05', 1),
	(14, 'Jensen Murray', 'damore.hellen@example.org', '2022-08-31 13:36:05', '$2y$10$92IXUNpkjO0rOQ5byMi.Ye4oKoEa3Ro9llC/.og/at2.uheWG/igi', NULL, NULL, NULL, 'UTU6cihW6I', '2022-08-31 13:36:05', '2022-08-31 13:36:05', 1),
	(15, 'Prof. Maxime Borer PhD', 'romaguera.jared@example.net', '2022-08-31 13:36:05', '$2y$10$92IXUNpkjO0rOQ5byMi.Ye4oKoEa3Ro9llC/.og/at2.uheWG/igi', NULL, NULL, NULL, 'MHroZitga7', '2022-08-31 13:36:05', '2022-08-31 13:36:05', 1),
	(16, 'Madaline Schmitt', 'beatrice48@example.com', '2022-08-31 13:36:05', '$2y$10$92IXUNpkjO0rOQ5byMi.Ye4oKoEa3Ro9llC/.og/at2.uheWG/igi', NULL, NULL, NULL, 'EC2CB17g5Z', '2022-08-31 13:36:05', '2022-08-31 13:36:05', 1),
	(17, 'Bradley Frami', 'hilbert61@example.org', '2022-08-31 13:36:05', '$2y$10$92IXUNpkjO0rOQ5byMi.Ye4oKoEa3Ro9llC/.og/at2.uheWG/igi', NULL, NULL, NULL, 'M91yVMWHr8', '2022-08-31 13:36:05', '2022-08-31 13:36:05', 1),
	(18, 'Ms. Annetta Bode', 'zpredovic@example.net', '2022-08-31 13:36:05', '$2y$10$92IXUNpkjO0rOQ5byMi.Ye4oKoEa3Ro9llC/.og/at2.uheWG/igi', NULL, NULL, NULL, 'LDyY8iYw2J', '2022-08-31 13:36:05', '2022-08-31 13:36:05', 1),
	(19, 'Prof. Reid DuBuque III', 'jaylan31@example.com', '2022-08-31 13:36:05', '$2y$10$92IXUNpkjO0rOQ5byMi.Ye4oKoEa3Ro9llC/.og/at2.uheWG/igi', NULL, NULL, NULL, 'aENR0hb0Tz', '2022-08-31 13:36:05', '2022-08-31 13:36:05', 1),
	(20, 'Emmy Fay IV', 'lbartell@example.org', '2022-08-31 13:36:49', '$2y$10$92IXUNpkjO0rOQ5byMi.Ye4oKoEa3Ro9llC/.og/at2.uheWG/igi', NULL, NULL, NULL, 'O0S2MGhXG6', '2022-08-31 13:36:49', '2022-08-31 13:36:49', 1),
	(21, 'Kobe Swaniawski', 'marlin.hamill@example.com', '2022-08-31 13:36:49', '$2y$10$92IXUNpkjO0rOQ5byMi.Ye4oKoEa3Ro9llC/.og/at2.uheWG/igi', NULL, NULL, NULL, 'Kyf7anzPls', '2022-08-31 13:36:49', '2022-08-31 13:36:49', 1),
	(22, 'Ms. Adrienne Goyette DVM', 'khowe@example.org', '2022-08-31 13:36:49', '$2y$10$92IXUNpkjO0rOQ5byMi.Ye4oKoEa3Ro9llC/.og/at2.uheWG/igi', NULL, NULL, NULL, 'tEz3OgsChf', '2022-08-31 13:36:49', '2022-08-31 13:36:49', 1),
	(23, 'Kane Berge IV', 'zkreiger@example.com', '2022-08-31 13:36:49', '$2y$10$92IXUNpkjO0rOQ5byMi.Ye4oKoEa3Ro9llC/.og/at2.uheWG/igi', NULL, NULL, NULL, 'HddjrGH69G', '2022-08-31 13:36:49', '2022-08-31 13:36:49', 1),
	(24, 'Willa Brekke', 'volkman.michaela@example.org', '2022-08-31 13:36:49', '$2y$10$92IXUNpkjO0rOQ5byMi.Ye4oKoEa3Ro9llC/.og/at2.uheWG/igi', NULL, NULL, NULL, 'LypxJhUKKr', '2022-08-31 13:36:49', '2022-08-31 13:36:49', 1),
	(25, 'Mrs. Jacynthe Muller', 'adela66@example.net', '2022-08-31 13:36:49', '$2y$10$92IXUNpkjO0rOQ5byMi.Ye4oKoEa3Ro9llC/.og/at2.uheWG/igi', NULL, NULL, NULL, 'pvZQ5jxlmr', '2022-08-31 13:36:49', '2022-08-31 13:36:49', 1),
	(26, 'Dr. Carmelo Bauch II', 'hlynch@example.org', '2022-08-31 13:36:49', '$2y$10$92IXUNpkjO0rOQ5byMi.Ye4oKoEa3Ro9llC/.og/at2.uheWG/igi', NULL, NULL, NULL, 'xMzu3GjGqf', '2022-08-31 13:36:49', '2022-08-31 13:36:49', 1),
	(27, 'Micah Hessel', 'ofelia17@example.net', '2022-08-31 13:36:49', '$2y$10$92IXUNpkjO0rOQ5byMi.Ye4oKoEa3Ro9llC/.og/at2.uheWG/igi', NULL, NULL, NULL, 'GKpfYrBxeY', '2022-08-31 13:36:49', '2022-08-31 13:36:49', 1),
	(28, 'Alvis Crona', 'blangworth@example.org', '2022-08-31 13:36:49', '$2y$10$92IXUNpkjO0rOQ5byMi.Ye4oKoEa3Ro9llC/.og/at2.uheWG/igi', NULL, NULL, NULL, '2TNal6Jujk', '2022-08-31 13:36:49', '2022-08-31 13:36:49', 1),
	(29, 'Malvina Volkman', 'merlin.crooks@example.net', '2022-08-31 13:36:49', '$2y$10$92IXUNpkjO0rOQ5byMi.Ye4oKoEa3Ro9llC/.og/at2.uheWG/igi', NULL, NULL, NULL, 'AM1uc94fqv', '2022-08-31 13:36:49', '2022-08-31 13:36:49', 1),
	(30, 'Mr. Rudolph Crist IV', 'brenna.mckenzie@example.com', '2022-08-31 13:38:36', '$2y$10$92IXUNpkjO0rOQ5byMi.Ye4oKoEa3Ro9llC/.og/at2.uheWG/igi', NULL, NULL, NULL, '544enJPAoM', '2022-08-31 13:38:36', '2022-08-31 13:38:36', 1),
	(31, 'Prof. Lauretta Fadel III', 'hand.zion@example.net', '2022-08-31 13:38:36', '$2y$10$92IXUNpkjO0rOQ5byMi.Ye4oKoEa3Ro9llC/.og/at2.uheWG/igi', NULL, NULL, NULL, 'gnDbl1hyrQ', '2022-08-31 13:38:36', '2022-08-31 13:38:36', 1),
	(32, 'Wilmer Marvin', 'lorena.champlin@example.net', '2022-08-31 13:38:36', '$2y$10$92IXUNpkjO0rOQ5byMi.Ye4oKoEa3Ro9llC/.og/at2.uheWG/igi', NULL, NULL, NULL, 'PghG6WXtNZ', '2022-08-31 13:38:36', '2022-08-31 13:38:36', 1),
	(33, 'Cara Hessel', 'dlarkin@example.com', '2022-08-31 13:38:36', '$2y$10$92IXUNpkjO0rOQ5byMi.Ye4oKoEa3Ro9llC/.og/at2.uheWG/igi', NULL, NULL, NULL, 'RaxIuFzSBB', '2022-08-31 13:38:36', '2022-08-31 13:38:36', 1),
	(34, 'Lila Gusikowski II', 'gretchen11@example.net', '2022-08-31 13:38:36', '$2y$10$92IXUNpkjO0rOQ5byMi.Ye4oKoEa3Ro9llC/.og/at2.uheWG/igi', NULL, NULL, NULL, 'Tg4Lwj8z7X', '2022-08-31 13:38:36', '2022-08-31 13:38:36', 1),
	(35, 'Ms. Alene Predovic', 'mchristiansen@example.com', '2022-08-31 13:38:36', '$2y$10$92IXUNpkjO0rOQ5byMi.Ye4oKoEa3Ro9llC/.og/at2.uheWG/igi', NULL, NULL, NULL, 'dKKB75s9Hd', '2022-08-31 13:38:36', '2022-08-31 13:38:36', 1),
	(36, 'Miss Rosie Smith MD', 'anissa.buckridge@example.org', '2022-08-31 13:38:36', '$2y$10$92IXUNpkjO0rOQ5byMi.Ye4oKoEa3Ro9llC/.og/at2.uheWG/igi', NULL, NULL, NULL, 'QW9z6Twzxv', '2022-08-31 13:38:36', '2022-08-31 13:38:36', 1),
	(37, 'Axel Bode', 'rick15@example.org', '2022-08-31 13:38:36', '$2y$10$92IXUNpkjO0rOQ5byMi.Ye4oKoEa3Ro9llC/.og/at2.uheWG/igi', NULL, NULL, NULL, 'NCan9eWf9n', '2022-08-31 13:38:36', '2022-08-31 13:38:36', 1),
	(38, 'Brennan Willms', 'sfriesen@example.org', '2022-08-31 13:38:36', '$2y$10$92IXUNpkjO0rOQ5byMi.Ye4oKoEa3Ro9llC/.og/at2.uheWG/igi', NULL, NULL, NULL, 'HVsoFL8qTG', '2022-08-31 13:38:36', '2022-08-31 13:38:36', 1),
	(39, 'Carter Vandervort PhD', 'ardella.rath@example.com', '2022-08-31 13:38:36', '$2y$10$92IXUNpkjO0rOQ5byMi.Ye4oKoEa3Ro9llC/.og/at2.uheWG/igi', NULL, NULL, NULL, 'qBMTK9IuEo', '2022-08-31 13:38:36', '2022-08-31 13:38:36', 1),
	(40, 'Jessica Hilpert', 'xfarrell@example.com', '2022-08-31 13:40:11', '$2y$10$92IXUNpkjO0rOQ5byMi.Ye4oKoEa3Ro9llC/.og/at2.uheWG/igi', NULL, NULL, NULL, 'siDx89Fr5P', '2022-08-31 13:40:11', '2022-08-31 13:40:11', 1),
	(41, 'Rosario Durgan', 'trobel@example.org', '2022-08-31 13:40:11', '$2y$10$92IXUNpkjO0rOQ5byMi.Ye4oKoEa3Ro9llC/.og/at2.uheWG/igi', NULL, NULL, NULL, 'jI5qNemWAt', '2022-08-31 13:40:11', '2022-08-31 13:40:11', 1),
	(42, 'Naomi Schultz DDS', 'nicolas.remington@example.com', '2022-08-31 13:40:11', '$2y$10$92IXUNpkjO0rOQ5byMi.Ye4oKoEa3Ro9llC/.og/at2.uheWG/igi', NULL, NULL, NULL, '3X0GYWDZ8v', '2022-08-31 13:40:11', '2022-08-31 13:40:11', 1),
	(43, 'Joshua Torp', 'cyril.hartmann@example.net', '2022-08-31 13:40:11', '$2y$10$92IXUNpkjO0rOQ5byMi.Ye4oKoEa3Ro9llC/.og/at2.uheWG/igi', NULL, NULL, NULL, 'cSiGOiVTyW', '2022-08-31 13:40:11', '2022-08-31 13:40:11', 1),
	(44, 'Johann Rosenbaum', 'mathew46@example.com', '2022-08-31 13:40:11', '$2y$10$92IXUNpkjO0rOQ5byMi.Ye4oKoEa3Ro9llC/.og/at2.uheWG/igi', NULL, NULL, NULL, 'a9kzwv9puz', '2022-08-31 13:40:11', '2022-08-31 13:40:11', 1),
	(45, 'Hayden Blanda', 'obode@example.org', '2022-08-31 13:40:11', '$2y$10$92IXUNpkjO0rOQ5byMi.Ye4oKoEa3Ro9llC/.og/at2.uheWG/igi', NULL, NULL, NULL, 'VMYB2qJlkJ', '2022-08-31 13:40:11', '2022-08-31 13:40:11', 1),
	(46, 'Corrine Cremin', 'bashirian.lia@example.com', '2022-08-31 13:40:11', '$2y$10$92IXUNpkjO0rOQ5byMi.Ye4oKoEa3Ro9llC/.og/at2.uheWG/igi', NULL, NULL, NULL, '8FSup5B3pd', '2022-08-31 13:40:11', '2022-08-31 13:40:11', 1),
	(47, 'Gussie Sanford', 'thintz@example.org', '2022-08-31 13:40:11', '$2y$10$92IXUNpkjO0rOQ5byMi.Ye4oKoEa3Ro9llC/.og/at2.uheWG/igi', NULL, NULL, NULL, 'svdwGb7zsS', '2022-08-31 13:40:11', '2022-08-31 13:40:11', 1),
	(48, 'Mrs. Elfrieda Thiel', 'bstehr@example.com', '2022-08-31 13:40:11', '$2y$10$92IXUNpkjO0rOQ5byMi.Ye4oKoEa3Ro9llC/.og/at2.uheWG/igi', NULL, NULL, NULL, 'sKT91LmaXz', '2022-08-31 13:40:11', '2022-08-31 13:40:11', 1),
	(49, 'Dino Feeney DDS', 'rosanna20@example.com', '2022-08-31 13:40:11', '$2y$10$92IXUNpkjO0rOQ5byMi.Ye4oKoEa3Ro9llC/.og/at2.uheWG/igi', NULL, NULL, NULL, 'xkX7M98d4u', '2022-08-31 13:40:11', '2022-08-31 13:40:11', 1),
	(52, 'April Ruecker', 'gibson.novella@example.org', '2022-08-31 13:40:33', '$2y$10$92IXUNpkjO0rOQ5byMi.Ye4oKoEa3Ro9llC/.og/at2.uheWG/igi', NULL, NULL, NULL, 'FKfeMitHHX', '2022-08-31 13:40:33', '2022-08-31 13:40:33', 1),
	(53, 'Isaac Torp', 'ywhite@example.net', '2022-08-31 13:40:33', '$2y$10$92IXUNpkjO0rOQ5byMi.Ye4oKoEa3Ro9llC/.og/at2.uheWG/igi', NULL, NULL, NULL, 'S6K7bDtjEP', '2022-08-31 13:40:33', '2022-08-31 13:40:33', 1),
	(54, 'Arvilla Funk', 'lucas.kub@example.com', '2022-08-31 13:40:33', '$2y$10$92IXUNpkjO0rOQ5byMi.Ye4oKoEa3Ro9llC/.og/at2.uheWG/igi', NULL, NULL, NULL, 'zPD0kZRCaE', '2022-08-31 13:40:33', '2022-08-31 13:40:33', 1),
	(55, 'Dora Rice', 'becker.casandra@example.com', '2022-08-31 13:40:33', '$2y$10$92IXUNpkjO0rOQ5byMi.Ye4oKoEa3Ro9llC/.og/at2.uheWG/igi', NULL, NULL, NULL, 'FSo1jMFW6h', '2022-08-31 13:40:33', '2022-08-31 13:40:33', 1),
	(56, 'Riley Kuphal DVM', 'kziemann@example.net', '2022-08-31 13:40:33', '$2y$10$92IXUNpkjO0rOQ5byMi.Ye4oKoEa3Ro9llC/.og/at2.uheWG/igi', NULL, NULL, NULL, 'VH8OOEcgNq', '2022-08-31 13:40:33', '2022-08-31 13:40:33', 1),
	(57, 'Annabel Bartoletti', 'kennith20@example.net', '2022-08-31 13:40:33', '$2y$10$92IXUNpkjO0rOQ5byMi.Ye4oKoEa3Ro9llC/.og/at2.uheWG/igi', NULL, NULL, NULL, '1WUtfg7Ynj', '2022-08-31 13:40:33', '2022-08-31 13:40:33', 1),
	(58, 'Jillian Miller MD', 'heller.sigrid@example.com', '2022-08-31 13:40:33', '$2y$10$92IXUNpkjO0rOQ5byMi.Ye4oKoEa3Ro9llC/.og/at2.uheWG/igi', NULL, NULL, NULL, '9JAjfbUOM8', '2022-08-31 13:40:33', '2022-08-31 13:40:33', 1),
	(59, 'Prof. Lamont Kub', 'myrna.yost@example.net', '2022-08-31 13:40:33', '$2y$10$92IXUNpkjO0rOQ5byMi.Ye4oKoEa3Ro9llC/.og/at2.uheWG/igi', NULL, NULL, NULL, 'NDzzi6tGcD', '2022-08-31 13:40:33', '2022-08-31 13:40:33', 1);
/*!40000 ALTER TABLE `users` ENABLE KEYS */;

/*!40101 SET SQL_MODE=IFNULL(@OLD_SQL_MODE, '') */;
/*!40014 SET FOREIGN_KEY_CHECKS=IFNULL(@OLD_FOREIGN_KEY_CHECKS, 1) */;
/*!40101 SET CHARACTER_SET_CLIENT=@OLD_CHARACTER_SET_CLIENT */;
/*!40111 SET SQL_NOTES=IFNULL(@OLD_SQL_NOTES, 1) */;
